mac,ip,hostname,tipo_evento,conf_confiavel,dns_qtd,zabbix_uptime,zabbix_ping,zabbix_latencia,zabbix_perda,timestamp
50:02:91:00:35:C9,192.168.1.100,Desconhecido,ARP,False,23,,,,,2025-07-04T08:19:34.393224-03:00
8C:85:90:49:3D:EA,192.168.1.108,Desconhecido,ARP,False,23,,,,,2025-07-04T08:19:34.735705-03:00
50:02:91:00:35:C9,192.168.1.100,Desconhecido,ARP,False,23,,,,,2025-07-04T08:19:44.394083-03:00
50:02:91:00:35:C9,192.168.1.100,Desconhecido,ARP,False,23,,,,,2025-07-04T08:19:54.392856-03:00
50:02:91:00:35:C9,192.168.1.100,Desconhecido,ARP,False,23,,,,,2025-07-04T08:20:04.393569-03:00
50:02:91:00:35:C9,192.168.1.100,Desconhecido,ARP,False,23,,,,,2025-07-04T08:20:14.399820-03:00
50:02:91:00:35:C9,192.168.1.100,Desconhecido,ARP,False,23,,,,,2025-07-04T08:20:24.399716-03:00
8C:85:90:49:3D:EA,192.168.1.108,Desconhecido,ARP,False,23,,,,,2025-07-04T08:20:25.930936-03:00
50:02:91:00:35:C9,192.168.1.100,Desconhecido,ARP,False,23,,,,,2025-07-04T08:20:34.394314-03:00
50:02:91:00:35:C9,192.168.1.100,Desconhecido,ARP,False,23,,,,,2025-07-04T08:20:44.394784-03:00
50:02:91:00:35:C9,192.168.1.100,Desconhecido,ARP,False,23,,,,,2025-07-04T08:20:54.404293-03:00
50:02:91:00:35:C9,192.168.1.100,Desconhecido,ARP,False,23,,,,,2025-07-04T08:21:04.397456-03:00
8E:A7:69:77:00:00,0.0.0.0,Watch,DHCP,False,0,,,,,2025-07-04T08:21:04.800398-03:00
8E:A7:69:77:00:00,192.168.1.115,Desconhecido,ARP,False,23,,,,,2025-07-04T08:21:04.839507-03:00
8E:A7:69:77:00:00,192.168.1.115,Desconhecido,ARP,False,23,,,,,2025-07-04T08:21:06.146900-03:00
8E:A7:69:77:00:00,192.168.1.115,Desconhecido,ARP,False,23,,,,,2025-07-04T08:21:12.103064-03:00
8E:A7:69:77:00:00,0.0.0.0,Watch,DHCP,False,0,,,,,2025-07-04T08:21:13.262168-03:00
8E:A7:69:77:00:00,192.168.1.115,Desconhecido,ARP,False,23,,,,,2025-07-04T08:21:13.280811-03:00
8E:A7:69:77:00:00,192.168.1.115,Desconhecido,ARP,False,23,,,,,2025-07-04T08:21:14.152975-03:00
50:02:91:00:35:C9,192.168.1.100,Desconhecido,ARP,False,23,,,,,2025-07-04T08:21:14.394738-03:00
8E:A7:69:77:00:00,192.168.1.115,Desconhecido,ARP,False,23,,,,,2025-07-04T08:21:14.605861-03:00
8C:85:90:49:3D:EA,192.168.1.108,Desconhecido,ARP,False,23,,,,,2025-07-04T08:21:17.078668-03:00
50:02:91:00:35:C9,192.168.1.100,Desconhecido,ARP,False,23,,,,,2025-07-04T08:21:24.393015-03:00
50:02:91:00:35:C9,192.168.1.100,Desconhecido,ARP,False,23,,,,,2025-07-04T08:21:34.396751-03:00
8E:A7:69:77:00:00,0.0.0.0,Watch,DHCP,False,0,,,,,2025-07-04T08:21:41.294551-03:00
8E:A7:69:77:00:00,192.168.1.115,Desconhecido,ARP,False,23,,,,,2025-07-04T08:21:41.326005-03:00
50:02:91:00:35:C9,192.168.1.100,Desconhecido,ARP,False,23,,,,,2025-07-04T08:21:44.399722-03:00
50:02:91:00:35:C9,192.168.1.100,Desconhecido,ARP,False,23,,,,,2025-07-04T08:21:54.394961-03:00
50:02:91:00:35:C9,192.168.1.100,Desconhecido,ARP,False,23,,,,,2025-07-04T08:22:04.401002-03:00
8C:85:90:49:3D:EA,192.168.1.108,Desconhecido,ARP,False,23,,,,,2025-07-04T08:22:08.260867-03:00
50:02:91:00:35:C9,192.168.1.100,Desconhecido,ARP,False,23,,,,,2025-07-04T08:22:14.400157-03:00
50:02:91:00:35:C9,192.168.1.100,Desconhecido,ARP,False,23,,,,,2025-07-04T08:22:24.396191-03:00
50:02:91:00:35:C9,192.168.1.100,Desconhecido,ARP,False,23,,,,,2025-07-04T08:22:34.424538-03:00
50:02:91:00:35:C9,192.168.1.100,Desconhecido,ARP,False,23,,,,,2025-07-04T08:22:44.403916-03:00
50:02:91:00:35:C9,192.168.1.100,Desconhecido,ARP,False,23,,,,,2025-07-04T08:22:54.394269-03:00
8C:85:90:49:3D:EA,192.168.1.108,Desconhecido,ARP,False,23,,,,,2025-07-04T08:22:59.435909-03:00
50:02:91:00:35:C9,192.168.1.100,Desconhecido,ARP,False,23,,,,,2025-07-04T08:23:04.396210-03:00
50:02:91:00:35:C9,192.168.1.100,Desconhecido,ARP,False,23,,,,,2025-07-04T08:23:14.395020-03:00
50:02:91:00:35:C9,192.168.1.100,Desconhecido,ARP,False,23,,,,,2025-07-04T08:23:24.393612-03:00
8E:A7:69:77:00:00,0.0.0.0,Watch,DHCP,False,0,,,,,2025-07-04T08:23:28.296454-03:00
8E:A7:69:77:00:00,192.168.1.115,Desconhecido,ARP,False,23,,,,,2025-07-04T08:23:28.329530-03:00
8E:A7:69:77:00:00,192.168.1.115,Desconhecido,ARP,False,23,,,,,2025-07-04T08:23:29.296023-03:00
8E:A7:69:77:00:00,192.168.1.115,Desconhecido,ARP,False,23,,,,,2025-07-04T08:23:29.333650-03:00
8E:A7:69:77:00:00,192.168.1.115,Desconhecido,ARP,False,23,,,,,2025-07-04T08:23:29.396598-03:00
8E:A7:69:77:00:00,192.168.1.115,Desconhecido,ARP,False,23,,,,,2025-07-04T08:23:29.660160-03:00
50:02:91:00:35:C9,192.168.1.100,Desconhecido,ARP,False,23,,,,,2025-07-04T08:23:34.400303-03:00
8E:A7:69:77:00:00,0.0.0.0,Watch,DHCP,False,0,,,,,2025-07-04T08:23:36.064996-03:00
8E:A7:69:77:00:00,192.168.1.115,Desconhecido,ARP,False,23,,,,,2025-07-04T08:23:36.100507-03:00
8E:A7:69:77:00:00,192.168.1.115,Desconhecido,ARP,False,23,,,,,2025-07-04T08:23:37.404576-03:00
50:02:91:00:35:C9,192.168.1.100,Desconhecido,ARP,False,23,,,,,2025-07-04T08:23:44.396548-03:00
8C:85:90:49:3D:EA,192.168.1.108,Desconhecido,ARP,False,23,,,,,2025-07-04T08:23:50.608685-03:00
50:02:91:00:35:C9,192.168.1.100,Desconhecido,ARP,False,23,,,,,2025-07-04T08:23:54.401556-03:00
8E:A7:69:77:00:00,0.0.0.0,Watch,DHCP,False,0,,,,,2025-07-04T08:24:01.470742-03:00
8E:A7:69:77:00:00,192.168.1.115,Desconhecido,ARP,False,23,,,,,2025-07-04T08:24:01.494006-03:00
8E:A7:69:77:00:00,192.168.1.115,Desconhecido,ARP,False,23,,,,,2025-07-04T08:24:02.824469-03:00
50:02:91:00:35:C9,192.168.1.100,Desconhecido,ARP,False,23,,,,,2025-07-04T08:24:04.401542-03:00
8E:A7:69:77:00:00,192.168.1.115,Desconhecido,ARP,False,23,,,,,2025-07-04T08:24:12.125613-03:00
50:02:91:00:35:C9,192.168.1.100,Desconhecido,ARP,False,23,,,,,2025-07-04T08:24:14.396700-03:00
50:02:91:00:35:C9,192.168.1.100,Desconhecido,ARP,False,23,,,,,2025-07-04T08:24:24.394593-03:00
50:02:91:00:35:C9,192.168.1.100,Desconhecido,ARP,False,23,,,,,2025-07-04T08:24:34.399521-03:00
8C:85:90:49:3D:EA,192.168.1.108,Desconhecido,ARP,False,23,,,,,2025-07-04T08:24:40.926307-03:00
50:02:91:00:35:C9,192.168.1.100,Desconhecido,ARP,False,23,,,,,2025-07-04T08:24:44.403107-03:00
50:02:91:00:35:C9,192.168.1.100,Desconhecido,ARP,False,23,,,,,2025-07-04T08:24:54.397218-03:00
50:02:91:00:35:C9,192.168.1.100,Desconhecido,ARP,False,23,,,,,2025-07-04T08:25:04.395843-03:00
50:02:91:00:35:C9,192.168.1.100,Desconhecido,ARP,False,23,,,,,2025-07-04T08:25:14.400675-03:00
50:02:91:00:35:C9,192.168.1.100,Desconhecido,ARP,False,23,,,,,2025-07-04T08:25:24.399165-03:00
8C:85:90:49:3D:EA,192.168.1.108,Desconhecido,ARP,False,23,,,,,2025-07-04T08:25:32.120853-03:00
8E:A7:69:77:00:00,0.0.0.0,Watch,DHCP,False,0,,,,,2025-07-04T08:25:33.466723-03:00
8E:A7:69:77:00:00,192.168.1.115,Desconhecido,ARP,False,23,,,,,2025-07-04T08:25:33.514332-03:00
50:02:91:00:35:C9,192.168.1.100,Desconhecido,ARP,False,23,,,,,2025-07-04T08:25:34.402920-03:00
8E:A7:69:77:00:00,192.168.1.115,Desconhecido,ARP,False,23,,,,,2025-07-04T08:25:34.802917-03:00
8E:A7:69:77:00:00,192.168.1.115,Desconhecido,ARP,False,23,,,,,2025-07-04T08:25:35.128846-03:00
8E:A7:69:77:00:00,192.168.1.115,Desconhecido,ARP,False,23,,,,,2025-07-04T08:25:35.481622-03:00
50:02:91:00:35:C9,192.168.1.100,Desconhecido,ARP,False,23,,,,,2025-07-04T08:25:44.400696-03:00
50:02:91:00:35:C9,192.168.1.100,Desconhecido,ARP,False,23,,,,,2025-07-04T08:25:54.453313-03:00
50:02:91:00:35:C9,192.168.1.100,Desconhecido,ARP,False,23,,,,,2025-07-04T08:26:04.398242-03:00
50:02:91:00:35:C9,192.168.1.100,Desconhecido,ARP,False,23,,,,,2025-07-04T08:26:14.408133-03:00
8C:85:90:49:3D:EA,192.168.1.108,Desconhecido,ARP,False,23,,,,,2025-07-04T08:26:23.303845-03:00
50:02:91:00:35:C9,192.168.1.100,Desconhecido,ARP,False,23,,,,,2025-07-04T08:26:24.396509-03:00
5C:CD:5B:C5:4E:C8,0.0.0.0,NELONOTE150,DHCP,False,0,,,,,2025-07-04T08:26:27.747460-03:00
5C:CD:5B:C5:4E:C8,0.0.0.0,Desconhecido,ARP,False,0,,,,,2025-07-04T08:26:28.081887-03:00
5C:CD:5B:C5:4E:C8,0.0.0.0,Desconhecido,ARP,False,0,,,,,2025-07-04T08:26:29.074812-03:00
5C:CD:5B:C5:4E:C8,0.0.0.0,Desconhecido,ARP,False,0,,,,,2025-07-04T08:26:30.083551-03:00
8E:A7:69:77:00:00,0.0.0.0,Watch,DHCP,False,0,,,,,2025-07-04T08:26:30.857054-03:00
8E:A7:69:77:00:00,192.168.1.115,Desconhecido,ARP,False,23,,,,,2025-07-04T08:26:30.889954-03:00
5C:CD:5B:C5:4E:C8,169.254.174.99,Desconhecido,ARP,False,0,,,,,2025-07-04T08:26:31.071742-03:00
8E:A7:69:77:00:00,192.168.1.115,Desconhecido,ARP,False,23,,,,,2025-07-04T08:26:32.197175-03:00
5C:CD:5B:C5:4E:C8,0.0.0.0,NELONOTE150,DHCP,False,0,,,,,2025-07-04T08:26:32.755550-03:00
5C:CD:5B:C5:4E:C8,0.0.0.0,NELONOTE150,DHCP,False,0,,,,,2025-07-04T08:26:32.787879-03:00
5C:CD:5B:C5:4E:C8,169.254.174.99,Desconhecido,ARP,False,0,,,,,2025-07-04T08:26:33.083998-03:00
50:02:91:00:35:C9,192.168.1.100,Desconhecido,ARP,False,23,,,,,2025-07-04T08:26:34.409125-03:00
5C:CD:5B:C5:4E:C8,0.0.0.0,NELONOTE150,DHCP,False,0,,,,,2025-07-04T08:26:35.737695-03:00
5C:CD:5B:C5:4E:C8,192.168.1.104,Desconhecido,ARP,False,9,,,,,2025-07-04T08:26:35.760735-03:00
5C:CD:5B:C5:4E:C8,192.168.1.104,Desconhecido,ARP,False,9,,,,,2025-07-04T08:26:35.805940-03:00
5C:CD:5B:C5:4E:C8,192.168.1.104,Desconhecido,ARP,False,9,,,,,2025-07-04T08:26:36.013487-03:00
5C:CD:5B:C5:4E:C8,0.0.0.0,Desconhecido,ARP,False,0,,,,,2025-07-04T08:26:36.072843-03:00
5C:CD:5B:C5:4E:C8,0.0.0.0,Desconhecido,ARP,False,0,,,,,2025-07-04T08:26:37.077894-03:00
5C:CD:5B:C5:4E:C8,0.0.0.0,Desconhecido,ARP,False,0,,,,,2025-07-04T08:26:38.072904-03:00
5C:CD:5B:C5:4E:C8,192.168.1.104,Desconhecido,ARP,False,9,,,,,2025-07-04T08:26:39.070869-03:00
5C:CD:5B:C5:4E:C8,192.168.1.104,Desconhecido,ARP,False,9,,,,,2025-07-04T08:26:41.078807-03:00
50:02:91:00:35:C9,192.168.1.100,Desconhecido,ARP,False,23,,,,,2025-07-04T08:26:44.411929-03:00
50:02:91:00:35:C9,192.168.1.100,Desconhecido,ARP,False,23,,,,,2025-07-04T08:26:54.402074-03:00
50:02:91:00:35:C9,192.168.1.100,Desconhecido,ARP,False,23,,,,,2025-07-04T08:27:04.398989-03:00
50:02:91:00:35:C9,192.168.1.100,Desconhecido,ARP,False,23,,,,,2025-07-04T08:27:14.399884-03:00
8C:85:90:49:3D:EA,192.168.1.108,Desconhecido,ARP,False,23,,,,,2025-07-04T08:27:14.528562-03:00
50:02:91:00:35:C9,192.168.1.100,Desconhecido,ARP,False,23,,,,,2025-07-04T08:27:24.396773-03:00
50:02:91:00:35:C9,192.168.1.100,Desconhecido,ARP,False,23,,,,,2025-07-04T08:27:34.399281-03:00
50:02:91:00:35:C9,192.168.1.100,Desconhecido,ARP,False,23,,,,,2025-07-04T08:27:44.417509-03:00
50:02:91:00:35:C9,192.168.1.100,Desconhecido,ARP,False,23,,,,,2025-07-04T08:27:54.399538-03:00
50:02:91:00:35:C9,192.168.1.100,Desconhecido,ARP,False,23,,,,,2025-07-04T08:28:04.399664-03:00
8C:85:90:49:3D:EA,192.168.1.108,Desconhecido,ARP,False,23,,,,,2025-07-04T08:28:05.663113-03:00
50:02:91:00:35:C9,192.168.1.100,Desconhecido,ARP,False,23,,,,,2025-07-04T08:28:14.402488-03:00
50:02:91:00:35:C9,192.168.1.100,Desconhecido,ARP,False,23,,,,,2025-07-04T08:28:24.397532-03:00
50:02:91:00:35:C9,192.168.1.100,Desconhecido,ARP,False,23,,,,,2025-07-04T08:28:34.400462-03:00
50:02:91:00:35:C9,192.168.1.100,Desconhecido,ARP,False,23,,,,,2025-07-04T08:28:44.400149-03:00
50:02:91:00:35:C9,192.168.1.100,Desconhecido,ARP,False,23,,,,,2025-07-04T08:28:54.399346-03:00
8C:85:90:49:3D:EA,192.168.1.108,Desconhecido,ARP,False,23,,,,,2025-07-04T08:28:56.868033-03:00
50:02:91:00:35:C9,192.168.1.100,Desconhecido,ARP,False,23,,,,,2025-07-04T08:29:04.407946-03:00
50:02:91:00:35:C9,192.168.1.100,Desconhecido,ARP,False,23,,,,,2025-07-04T08:29:14.403873-03:00
50:02:91:00:35:C9,192.168.1.100,Desconhecido,ARP,False,23,,,,,2025-07-04T08:29:24.408146-03:00
50:02:91:00:35:C9,192.168.1.100,Desconhecido,ARP,False,23,,,,,2025-07-04T08:29:34.441228-03:00
8E:A7:69:77:00:00,0.0.0.0,Watch,DHCP,False,0,,,,,2025-07-04T08:29:41.287548-03:00
8E:A7:69:77:00:00,192.168.1.115,Desconhecido,ARP,False,23,,,,,2025-07-04T08:29:41.329860-03:00
8E:A7:69:77:00:00,192.168.1.115,Desconhecido,ARP,False,23,,,,,2025-07-04T08:29:42.624097-03:00
50:02:91:00:35:C9,192.168.1.100,Desconhecido,ARP,False,23,,,,,2025-07-04T08:29:44.415637-03:00
8E:A7:69:77:00:00,0.0.0.0,Watch,DHCP,False,0,,,,,2025-07-04T08:29:45.749473-03:00
8E:A7:69:77:00:00,192.168.1.115,Desconhecido,ARP,False,23,,,,,2025-07-04T08:29:45.767194-03:00
8E:A7:69:77:00:00,192.168.1.115,Desconhecido,ARP,False,23,,,,,2025-07-04T08:29:47.089116-03:00
8E:A7:69:77:00:00,192.168.1.115,Desconhecido,ARP,False,23,,,,,2025-07-04T08:29:47.416459-03:00
8C:85:90:49:3D:EA,192.168.1.108,Desconhecido,ARP,False,23,,,,,2025-07-04T08:29:48.044531-03:00
50:02:91:00:35:C9,192.168.1.100,Desconhecido,ARP,False,23,,,,,2025-07-04T08:29:54.411121-03:00
50:02:91:00:35:C9,192.168.1.100,Desconhecido,ARP,False,23,,,,,2025-07-04T08:30:04.411144-03:00
50:02:91:00:35:C9,192.168.1.100,Desconhecido,ARP,False,23,,,,,2025-07-04T08:30:14.413336-03:00
50:02:91:00:35:C9,192.168.1.100,Desconhecido,ARP,False,23,,,,,2025-07-04T08:30:24.408920-03:00
50:02:91:00:35:C9,192.168.1.100,Desconhecido,ARP,False,23,,,,,2025-07-04T08:30:34.411468-03:00
8C:85:90:49:3D:EA,192.168.1.108,Desconhecido,ARP,False,23,,,,,2025-07-04T08:30:39.209023-03:00
50:02:91:00:35:C9,192.168.1.100,Desconhecido,ARP,False,23,,,,,2025-07-04T08:30:44.412568-03:00
50:02:91:00:35:C9,192.168.1.100,Desconhecido,ARP,False,23,,,,,2025-07-04T08:30:54.410170-03:00
50:02:91:00:35:C9,192.168.1.100,Desconhecido,ARP,False,23,,,,,2025-07-04T08:31:04.415294-03:00
5C:CD:5B:C5:4E:C8,192.168.1.104,Desconhecido,ARP,False,9,,,,,2025-07-04T08:31:11.895300-03:00
50:02:91:00:35:C9,192.168.1.100,Desconhecido,ARP,False,23,,,,,2025-07-04T08:31:14.410574-03:00
50:02:91:00:35:C9,192.168.1.100,Desconhecido,ARP,False,23,,,,,2025-07-04T08:31:24.409652-03:00
8C:85:90:49:3D:EA,192.168.1.108,Desconhecido,ARP,False,23,,,,,2025-07-04T08:31:30.356619-03:00
50:02:91:00:35:C9,192.168.1.100,Desconhecido,ARP,False,23,,,,,2025-07-04T08:31:34.417787-03:00
50:02:91:00:35:C9,192.168.1.100,Desconhecido,ARP,False,23,,,,,2025-07-04T08:31:44.419782-03:00
50:02:91:00:35:C9,192.168.1.100,Desconhecido,ARP,False,23,,,,,2025-07-04T08:31:54.411007-03:00
50:02:91:00:35:C9,192.168.1.100,Desconhecido,ARP,False,23,,,,,2025-07-04T08:32:04.412658-03:00
50:02:91:00:35:C9,192.168.1.100,Desconhecido,ARP,False,23,,,,,2025-07-04T08:32:14.413986-03:00
8C:85:90:49:3D:EA,192.168.1.108,Desconhecido,ARP,False,23,,,,,2025-07-04T08:32:21.538956-03:00
50:02:91:00:35:C9,192.168.1.100,Desconhecido,ARP,False,23,,,,,2025-07-04T08:32:24.411435-03:00
5C:CD:5B:C5:4E:C8,192.168.1.104,Desconhecido,ARP,False,9,,,,,2025-07-04T08:32:26.576104-03:00
50:02:91:00:35:C9,192.168.1.100,Desconhecido,ARP,False,23,,,,,2025-07-04T08:32:34.419246-03:00
50:02:91:00:35:C9,192.168.1.100,Desconhecido,ARP,False,23,,,,,2025-07-04T08:32:44.418082-03:00
50:02:91:00:35:C9,192.168.1.100,Desconhecido,ARP,False,23,,,,,2025-07-04T08:32:54.412391-03:00
50:02:91:00:35:C9,192.168.1.100,Desconhecido,ARP,False,23,,,,,2025-07-04T08:33:04.421821-03:00
8C:85:90:49:3D:EA,192.168.1.108,Desconhecido,ARP,False,23,,,,,2025-07-04T08:33:12.668863-03:00
50:02:91:00:35:C9,192.168.1.100,Desconhecido,ARP,False,23,,,,,2025-07-04T08:33:14.413712-03:00
5C:CD:5B:C5:4E:C8,192.168.1.104,Desconhecido,ARP,False,9,,,,,2025-07-04T08:33:19.087546-03:00
50:02:91:00:35:C9,192.168.1.100,Desconhecido,ARP,False,23,,,,,2025-07-04T08:33:24.414549-03:00
50:02:91:00:35:C9,192.168.1.100,Desconhecido,ARP,False,23,,,,,2025-07-04T08:33:34.419769-03:00
8E:A7:69:77:00:00,0.0.0.0,Watch,DHCP,False,0,,,,,2025-07-04T08:33:42.346937-03:00
8E:A7:69:77:00:00,192.168.1.115,Desconhecido,ARP,False,23,,,,,2025-07-04T08:33:42.394710-03:00
50:02:91:00:35:C9,192.168.1.100,Desconhecido,ARP,False,23,,,,,2025-07-04T08:33:44.415253-03:00
8E:A7:69:77:00:00,0.0.0.0,Watch,DHCP,False,0,,,,,2025-07-04T08:33:46.969091-03:00
8E:A7:69:77:00:00,192.168.1.115,Desconhecido,ARP,False,23,,,,,2025-07-04T08:33:46.987211-03:00
50:02:91:00:35:C9,192.168.1.100,Desconhecido,ARP,False,23,,,,,2025-07-04T08:33:54.434213-03:00
8C:85:90:49:3D:EA,192.168.1.108,Desconhecido,ARP,False,23,,,,,2025-07-04T08:34:03.554272-03:00
5C:CD:5B:C5:4E:C8,192.168.1.104,Desconhecido,ARP,False,9,,,,,2025-07-04T08:34:03.599773-03:00
50:02:91:00:35:C9,192.168.1.100,Desconhecido,ARP,False,23,,,,,2025-07-04T08:34:04.425841-03:00
50:02:91:00:35:C9,192.168.1.100,Desconhecido,ARP,False,23,,,,,2025-07-04T08:34:14.414323-03:00
50:02:91:00:35:C9,192.168.1.100,Desconhecido,ARP,False,23,,,,,2025-07-04T08:34:24.412116-03:00
50:02:91:00:35:C9,192.168.1.100,Desconhecido,ARP,False,23,,,,,2025-07-04T08:34:34.414834-03:00
50:02:91:00:35:C9,192.168.1.100,Desconhecido,ARP,False,23,,,,,2025-07-04T08:34:44.413539-03:00
50:02:91:00:35:C9,192.168.1.100,Desconhecido,ARP,False,23,,,,,2025-07-04T08:34:54.414814-03:00
8C:85:90:49:3D:EA,192.168.1.108,Desconhecido,ARP,False,23,,,,,2025-07-04T08:34:54.696696-03:00
50:02:91:00:35:C9,192.168.1.100,Desconhecido,ARP,False,23,,,,,2025-07-04T08:35:04.415037-03:00
50:02:91:00:35:C9,192.168.1.100,Desconhecido,ARP,False,23,,,,,2025-07-04T08:35:14.414004-03:00
50:02:91:00:35:C9,192.168.1.100,Desconhecido,ARP,False,23,,,,,2025-07-04T08:35:24.412693-03:00
5C:CD:5B:C5:4E:C8,192.168.1.104,Desconhecido,ARP,False,9,,,,,2025-07-04T08:35:30.578989-03:00
50:02:91:00:35:C9,192.168.1.100,Desconhecido,ARP,False,23,,,,,2025-07-04T08:35:34.417654-03:00
50:02:91:00:35:C9,192.168.1.100,Desconhecido,ARP,False,23,,,,,2025-07-04T08:35:44.415401-03:00
8C:85:90:49:3D:EA,192.168.1.108,Desconhecido,ARP,False,23,,,,,2025-07-04T08:35:45.881120-03:00
50:02:91:00:35:C9,192.168.1.100,Desconhecido,ARP,False,23,,,,,2025-07-04T08:35:54.415861-03:00
50:02:91:00:35:C9,192.168.1.100,Desconhecido,ARP,False,23,,,,,2025-07-04T08:36:04.415017-03:00
5C:CD:5B:C5:4E:C8,192.168.1.104,Desconhecido,ARP,False,9,,,,,2025-07-04T08:36:05.586278-03:00
50:02:91:00:35:C9,192.168.1.100,Desconhecido,ARP,False,23,,,,,2025-07-04T08:36:14.420678-03:00
50:02:91:00:35:C9,192.168.1.100,Desconhecido,ARP,False,23,,,,,2025-07-04T08:36:24.413390-03:00
50:02:91:00:35:C9,192.168.1.100,Desconhecido,ARP,False,23,,,,,2025-07-04T08:36:34.421046-03:00
8C:85:90:49:3D:EA,192.168.1.108,Desconhecido,ARP,False,23,,,,,2025-07-04T08:36:37.028790-03:00
50:02:91:00:35:C9,192.168.1.100,Desconhecido,ARP,False,23,,,,,2025-07-04T08:36:44.421537-03:00
50:02:91:00:35:C9,192.168.1.100,Desconhecido,ARP,False,23,,,,,2025-07-04T08:36:54.417832-03:00
50:02:91:00:35:C9,192.168.1.100,Desconhecido,ARP,False,23,,,,,2025-07-04T08:37:04.422861-03:00
50:02:91:00:35:C9,192.168.1.100,Desconhecido,ARP,False,23,,,,,2025-07-04T08:37:14.419927-03:00
8E:A7:69:77:00:00,0.0.0.0,Watch,DHCP,False,0,,,,,2025-07-04T08:37:15.744845-03:00
8E:A7:69:77:00:00,192.168.1.115,Desconhecido,ARP,False,23,,,,,2025-07-04T08:37:15.790587-03:00
8E:A7:69:77:00:00,192.168.1.115,Desconhecido,ARP,False,23,,,,,2025-07-04T08:37:17.091141-03:00
50:02:91:00:35:C9,192.168.1.100,Desconhecido,ARP,False,23,,,,,2025-07-04T08:37:24.418874-03:00
8C:85:90:49:3D:EA,192.168.1.108,Desconhecido,ARP,False,23,,,,,2025-07-04T08:37:28.107753-03:00
5C:CD:5B:C5:4E:C8,192.168.1.104,Desconhecido,ARP,False,9,,,,,2025-07-04T08:37:33.078545-03:00
50:02:91:00:35:C9,192.168.1.100,Desconhecido,ARP,False,23,,,,,2025-07-04T08:37:34.416807-03:00
50:02:91:00:35:C9,192.168.1.100,Desconhecido,ARP,False,23,,,,,2025-07-04T08:37:44.425106-03:00
50:02:91:00:35:C9,192.168.1.100,Desconhecido,ARP,False,23,,,,,2025-07-04T08:37:54.418930-03:00
5C:CD:5B:C5:4E:C8,192.168.1.104,Desconhecido,ARP,False,9,,,,,2025-07-04T08:38:01.578335-03:00
50:02:91:00:35:C9,192.168.1.100,Desconhecido,ARP,False,23,,,,,2025-07-04T08:38:04.422112-03:00
50:02:91:00:35:C9,192.168.1.100,Desconhecido,ARP,False,23,,,,,2025-07-04T08:38:14.419627-03:00
50:02:91:00:35:C9,192.168.1.100,Desconhecido,ARP,False,23,,,,,2025-07-04T08:38:24.422351-03:00
50:02:91:00:35:C9,192.168.1.100,Desconhecido,ARP,False,23,,,,,2025-07-04T08:38:34.422263-03:00
5C:CD:5B:C5:4E:C8,192.168.1.104,Desconhecido,ARP,False,9,,,,,2025-07-04T08:38:34.584157-03:00
50:02:91:00:35:C9,192.168.1.100,Desconhecido,ARP,False,23,,,,,2025-07-04T08:38:44.421623-03:00
50:02:91:00:35:C9,192.168.1.100,Desconhecido,ARP,False,23,,,,,2025-07-04T08:38:54.427728-03:00
50:02:91:00:35:C9,192.168.1.100,Desconhecido,ARP,False,23,,,,,2025-07-04T08:39:04.420611-03:00
50:02:91:00:35:C9,192.168.1.100,Desconhecido,ARP,False,23,,,,,2025-07-04T08:39:14.431688-03:00
5C:CD:5B:C5:4E:C8,192.168.1.104,Desconhecido,ARP,False,9,,,,,2025-07-04T08:39:20.576222-03:00
50:02:91:00:35:C9,192.168.1.100,Desconhecido,ARP,False,23,,,,,2025-07-04T08:39:24.423584-03:00
50:02:91:00:35:C9,192.168.1.100,Desconhecido,ARP,False,23,,,,,2025-07-04T08:39:34.459601-03:00
8E:A7:69:77:00:00,0.0.0.0,Watch,DHCP,False,0,,,,,2025-07-04T08:39:39.049904-03:00
8E:A7:69:77:00:00,192.168.1.115,Desconhecido,ARP,False,23,,,,,2025-07-04T08:39:39.095300-03:00
8E:A7:69:77:00:00,192.168.1.115,Desconhecido,ARP,False,23,,,,,2025-07-04T08:39:40.391007-03:00
8E:A7:69:77:00:00,192.168.1.115,Desconhecido,ARP,False,23,,,,,2025-07-04T08:39:40.717208-03:00
50:02:91:00:35:C9,192.168.1.100,Desconhecido,ARP,False,23,,,,,2025-07-04T08:39:44.423330-03:00
50:02:91:00:35:C9,192.168.1.100,Desconhecido,ARP,False,23,,,,,2025-07-04T08:39:54.418246-03:00
8C:85:90:49:3D:EA,192.168.1.108,Desconhecido,ARP,False,23,,,,,2025-07-04T08:40:01.643026-03:00
50:02:91:00:35:C9,192.168.1.100,Desconhecido,ARP,False,23,,,,,2025-07-04T08:40:04.418675-03:00
8E:A7:69:77:00:00,0.0.0.0,Watch,DHCP,False,0,,,,,2025-07-04T08:40:08.582691-03:00
8E:A7:69:77:00:00,192.168.1.115,Desconhecido,ARP,False,23,,,,,2025-07-04T08:40:08.620607-03:00
8E:A7:69:77:00:00,192.168.1.115,Desconhecido,ARP,False,23,,,,,2025-07-04T08:40:09.930962-03:00
50:02:91:00:35:C9,192.168.1.100,Desconhecido,ARP,False,23,,,,,2025-07-04T08:40:14.425062-03:00
8E:A7:69:77:00:00,0.0.0.0,Watch,DHCP,False,0,,,,,2025-07-04T08:40:17.470879-03:00
8E:A7:69:77:00:00,192.168.1.115,Desconhecido,ARP,False,23,,,,,2025-07-04T08:40:17.514892-03:00
8E:A7:69:77:00:00,192.168.1.115,Desconhecido,ARP,False,23,,,,,2025-07-04T08:40:18.812178-03:00
5C:CD:5B:C5:4E:C8,192.168.1.104,Desconhecido,ARP,False,9,,,,,2025-07-04T08:40:21.073898-03:00
50:02:91:00:35:C9,192.168.1.100,Desconhecido,ARP,False,23,,,,,2025-07-04T08:40:24.437680-03:00
50:02:91:00:35:C9,192.168.1.100,Desconhecido,ARP,False,23,,,,,2025-07-04T08:40:34.426153-03:00
50:02:91:00:35:C9,192.168.1.100,Desconhecido,ARP,False,23,,,,,2025-07-04T08:40:44.425198-03:00
8C:85:90:49:3D:EA,192.168.1.108,Desconhecido,ARP,False,23,,,,,2025-07-04T08:40:52.844236-03:00
50:02:91:00:35:C9,192.168.1.100,Desconhecido,ARP,False,23,,,,,2025-07-04T08:40:54.419880-03:00
50:02:91:00:35:C9,192.168.1.100,Desconhecido,ARP,False,23,,,,,2025-07-04T08:41:04.424724-03:00
50:02:91:00:35:C9,192.168.1.100,Desconhecido,ARP,False,23,,,,,2025-07-04T08:41:14.420747-03:00
5C:CD:5B:C5:4E:C8,192.168.1.104,Desconhecido,ARP,False,9,,,,,2025-07-04T08:41:19.575570-03:00
50:02:91:00:35:C9,192.168.1.100,Desconhecido,ARP,False,23,,,,,2025-07-04T08:41:24.418072-03:00
50:02:91:00:35:C9,192.168.1.100,Desconhecido,ARP,False,23,,,,,2025-07-04T08:41:34.424630-03:00
8C:85:90:49:3D:EA,192.168.1.108,Desconhecido,ARP,False,23,,,,,2025-07-04T08:41:43.001591-03:00
50:02:91:00:35:C9,192.168.1.100,Desconhecido,ARP,False,23,,,,,2025-07-04T08:41:44.424723-03:00
50:02:91:00:35:C9,192.168.1.100,Desconhecido,ARP,False,23,,,,,2025-07-04T08:41:54.419158-03:00
50:02:91:00:35:C9,192.168.1.100,Desconhecido,ARP,False,23,,,,,2025-07-04T08:42:04.421483-03:00
50:02:91:00:35:C9,192.168.1.100,Desconhecido,ARP,False,23,,,,,2025-07-04T08:42:14.425216-03:00
8E:A7:69:77:00:00,0.0.0.0,Watch,DHCP,False,0,,,,,2025-07-04T08:42:16.280327-03:00
8E:A7:69:77:00:00,192.168.1.115,Desconhecido,ARP,False,23,,,,,2025-07-04T08:42:16.325458-03:00
8E:A7:69:77:00:00,192.168.1.115,Desconhecido,ARP,False,23,,,,,2025-07-04T08:42:17.623651-03:00
5C:CD:5B:C5:4E:C8,192.168.1.104,Desconhecido,ARP,False,9,,,,,2025-07-04T08:42:22.583383-03:00
50:02:91:00:35:C9,192.168.1.100,Desconhecido,ARP,False,23,,,,,2025-07-04T08:42:24.423990-03:00
8C:85:90:49:3D:EA,192.168.1.108,Desconhecido,ARP,False,23,,,,,2025-07-04T08:42:34.170228-03:00
50:02:91:00:35:C9,192.168.1.100,Desconhecido,ARP,False,23,,,,,2025-07-04T08:42:34.420837-03:00
50:02:91:00:35:C9,192.168.1.100,Desconhecido,ARP,False,23,,,,,2025-07-04T08:42:44.429582-03:00
50:02:91:00:35:C9,192.168.1.100,Desconhecido,ARP,False,23,,,,,2025-07-04T08:42:54.422950-03:00
50:02:91:00:35:C9,192.168.1.100,Desconhecido,ARP,False,23,,,,,2025-07-04T08:43:04.420845-03:00
50:02:91:00:35:C9,192.168.1.100,Desconhecido,ARP,False,23,,,,,2025-07-04T08:43:14.420748-03:00
5C:CD:5B:C5:4E:C8,192.168.1.104,Desconhecido,ARP,False,9,,,,,2025-07-04T08:43:16.584832-03:00
50:02:91:00:35:C9,192.168.1.100,Desconhecido,ARP,False,23,,,,,2025-07-04T08:43:24.422663-03:00
8C:85:90:49:3D:EA,192.168.1.108,Desconhecido,ARP,False,23,,,,,2025-07-04T08:43:25.352123-03:00
50:02:91:00:35:C9,192.168.1.100,Desconhecido,ARP,False,23,,,,,2025-07-04T08:43:34.423331-03:00
50:02:91:00:35:C9,192.168.1.100,Desconhecido,ARP,False,23,,,,,2025-07-04T08:43:44.421418-03:00
50:02:91:00:35:C9,192.168.1.100,Desconhecido,ARP,False,23,,,,,2025-07-04T08:43:54.426906-03:00
50:02:91:00:35:C9,192.168.1.100,Desconhecido,ARP,False,23,,,,,2025-07-04T08:44:04.420734-03:00
50:02:91:00:35:C9,192.168.1.100,Desconhecido,ARP,False,23,,,,,2025-07-04T08:44:14.426719-03:00
5C:CD:5B:C5:4E:C8,192.168.1.104,Desconhecido,ARP,False,9,,,,,2025-07-04T08:44:22.587001-03:00
50:02:91:00:35:C9,192.168.1.100,Desconhecido,ARP,False,23,,,,,2025-07-04T08:44:24.420728-03:00
50:02:91:00:35:C9,192.168.1.100,Desconhecido,ARP,False,23,,,,,2025-07-04T08:44:34.420848-03:00
50:02:91:00:35:C9,192.168.1.100,Desconhecido,ARP,False,23,,,,,2025-07-04T08:44:44.432315-03:00
50:02:91:00:35:C9,192.168.1.100,Desconhecido,ARP,False,23,,,,,2025-07-04T08:44:54.433913-03:00
50:02:91:00:35:C9,192.168.1.100,Desconhecido,ARP,False,23,,,,,2025-07-04T08:45:04.432013-03:00
8C:85:90:49:3D:EA,192.168.1.108,Desconhecido,ARP,False,23,,,,,2025-07-04T08:45:07.708599-03:00
50:02:91:00:35:C9,192.168.1.100,Desconhecido,ARP,False,23,,,,,2025-07-04T08:45:14.430472-03:00
5C:CD:5B:C5:4E:C8,192.168.1.104,Desconhecido,ARP,False,9,,,,,2025-07-04T08:45:22.580040-03:00
50:02:91:00:35:C9,192.168.1.100,Desconhecido,ARP,False,23,,,,,2025-07-04T08:45:24.436816-03:00
50:02:91:00:35:C9,192.168.1.100,Desconhecido,ARP,False,23,,,,,2025-07-04T08:45:34.437170-03:00
50:02:91:00:35:C9,192.168.1.100,Desconhecido,ARP,False,23,,,,,2025-07-04T08:45:44.438271-03:00
50:02:91:00:35:C9,192.168.1.100,Desconhecido,ARP,False,23,,,,,2025-07-04T08:45:54.437362-03:00
8C:85:90:49:3D:EA,192.168.1.108,Desconhecido,ARP,False,23,,,,,2025-07-04T08:45:58.852370-03:00
50:02:91:00:35:C9,192.168.1.100,Desconhecido,ARP,False,23,,,,,2025-07-04T08:46:04.433643-03:00
50:02:91:00:35:C9,192.168.1.100,Desconhecido,ARP,False,23,,,,,2025-07-04T08:46:14.434166-03:00
5C:CD:5B:C5:4E:C8,192.168.1.104,Desconhecido,ARP,False,9,,,,,2025-07-04T08:46:22.576369-03:00
50:02:91:00:35:C9,192.168.1.100,Desconhecido,ARP,False,23,,,,,2025-07-04T08:46:24.433888-03:00
50:02:91:00:35:C9,192.168.1.100,Desconhecido,ARP,False,23,,,,,2025-07-04T08:46:34.444803-03:00
50:02:91:00:35:C9,192.168.1.100,Desconhecido,ARP,False,23,,,,,2025-07-04T08:46:44.446009-03:00
8C:85:90:49:3D:EA,192.168.1.108,Desconhecido,ARP,False,23,,,,,2025-07-04T08:46:50.034283-03:00
50:02:91:00:35:C9,192.168.1.100,Desconhecido,ARP,False,23,,,,,2025-07-04T08:46:54.440354-03:00
50:02:91:00:35:C9,192.168.1.100,Desconhecido,ARP,False,23,,,,,2025-07-04T08:47:04.437848-03:00
50:02:91:00:35:C9,192.168.1.100,Desconhecido,ARP,False,23,,,,,2025-07-04T08:47:14.444925-03:00
5C:CD:5B:C5:4E:C8,192.168.1.104,Desconhecido,ARP,False,9,,,,,2025-07-04T08:47:21.084326-03:00
50:02:91:00:35:C9,192.168.1.100,Desconhecido,ARP,False,23,,,,,2025-07-04T08:47:24.434640-03:00
50:02:91:00:35:C9,192.168.1.100,Desconhecido,ARP,False,23,,,,,2025-07-04T08:47:34.439753-03:00
8C:85:90:49:3D:EA,192.168.1.108,Desconhecido,ARP,False,23,,,,,2025-07-04T08:47:41.204254-03:00
50:02:91:00:35:C9,192.168.1.100,Desconhecido,ARP,False,23,,,,,2025-07-04T08:47:44.451175-03:00
50:02:91:00:35:C9,192.168.1.100,Desconhecido,ARP,False,23,,,,,2025-07-04T08:47:54.435050-03:00
50:02:91:00:35:C9,192.168.1.100,Desconhecido,ARP,False,23,,,,,2025-07-04T08:48:04.435018-03:00
50:02:91:00:35:C9,192.168.1.100,Desconhecido,ARP,False,23,,,,,2025-07-04T08:48:14.434087-03:00
8E:A7:69:77:00:00,0.0.0.0,Watch,DHCP,False,0,,,,,2025-07-04T08:48:17.847218-03:00
8E:A7:69:77:00:00,192.168.1.115,Desconhecido,ARP,False,23,,,,,2025-07-04T08:48:17.883225-03:00
8E:A7:69:77:00:00,192.168.1.115,Desconhecido,ARP,False,23,,,,,2025-07-04T08:48:19.185999-03:00
5C:CD:5B:C5:4E:C8,192.168.1.104,Desconhecido,ARP,False,9,,,,,2025-07-04T08:48:22.580248-03:00
50:02:91:00:35:C9,192.168.1.100,Desconhecido,ARP,False,23,,,,,2025-07-04T08:48:24.433873-03:00
8C:85:90:49:3D:EA,192.168.1.108,Desconhecido,ARP,False,23,,,,,2025-07-04T08:48:32.410627-03:00
8E:A7:69:77:00:00,0.0.0.0,Watch,DHCP,False,0,,,,,2025-07-04T08:48:33.670041-03:00
8E:A7:69:77:00:00,192.168.1.115,Desconhecido,ARP,False,23,,,,,2025-07-04T08:48:33.688328-03:00
50:02:91:00:35:C9,192.168.1.100,Desconhecido,ARP,False,23,,,,,2025-07-04T08:48:34.439279-03:00
8E:A7:69:77:00:00,192.168.1.115,Desconhecido,ARP,False,23,,,,,2025-07-04T08:48:35.015720-03:00
50:02:91:00:35:C9,192.168.1.100,Desconhecido,ARP,False,23,,,,,2025-07-04T08:48:44.439352-03:00
50:02:91:00:35:C9,192.168.1.100,Desconhecido,ARP,False,23,,,,,2025-07-04T08:48:54.440738-03:00
50:02:91:00:35:C9,192.168.1.100,Desconhecido,ARP,False,23,,,,,2025-07-04T08:49:04.439175-03:00
8E:A7:69:77:00:00,0.0.0.0,Watch,DHCP,False,0,,,,,2025-07-04T08:49:10.500785-03:00
8E:A7:69:77:00:00,192.168.1.115,Desconhecido,ARP,False,23,,,,,2025-07-04T08:49:10.518264-03:00
8E:A7:69:77:00:00,192.168.1.115,Desconhecido,ARP,False,23,,,,,2025-07-04T08:49:11.835390-03:00
8E:A7:69:77:00:00,192.168.1.115,Desconhecido,ARP,False,23,,,,,2025-07-04T08:49:11.879872-03:00
8E:A7:69:77:00:00,192.168.1.115,Desconhecido,ARP,False,23,,,,,2025-07-04T08:49:12.162715-03:00
50:02:91:00:35:C9,192.168.1.100,Desconhecido,ARP,False,23,,,,,2025-07-04T08:49:14.434967-03:00
5C:CD:5B:C5:4E:C8,192.168.1.104,Desconhecido,ARP,False,9,,,,,2025-07-04T08:49:22.585911-03:00
50:02:91:00:35:C9,192.168.1.100,Desconhecido,ARP,False,23,,,,,2025-07-04T08:49:24.439867-03:00
8C:85:90:49:3D:EA,192.168.1.108,Desconhecido,ARP,False,23,,,,,2025-07-04T08:49:26.588353-03:00
50:02:91:00:35:C9,192.168.1.100,Desconhecido,ARP,False,23,,,,,2025-07-04T08:49:34.439118-03:00
50:02:91:00:35:C9,192.168.1.100,Desconhecido,ARP,False,23,,,,,2025-07-04T08:49:44.436812-03:00
50:02:91:00:35:C9,192.168.1.100,Desconhecido,ARP,False,23,,,,,2025-07-04T08:49:54.441979-03:00
50:02:91:00:35:C9,192.168.1.100,Desconhecido,ARP,False,23,,,,,2025-07-04T08:50:04.435181-03:00
50:02:91:00:35:C9,192.168.1.100,Desconhecido,ARP,False,23,,,,,2025-07-04T08:50:14.436551-03:00
8C:85:90:49:3D:EA,192.168.1.108,Desconhecido,ARP,False,23,,,,,2025-07-04T08:50:17.752712-03:00
8E:A7:69:77:00:00,0.0.0.0,Watch,DHCP,False,0,,,,,2025-07-04T08:50:19.268905-03:00
8E:A7:69:77:00:00,192.168.1.115,Desconhecido,ARP,False,23,,,,,2025-07-04T08:50:19.301447-03:00
5C:CD:5B:C5:4E:C8,192.168.1.104,Desconhecido,ARP,False,9,,,,,2025-07-04T08:50:22.082390-03:00
50:02:91:00:35:C9,192.168.1.100,Desconhecido,ARP,False,23,,,,,2025-07-04T08:50:24.436881-03:00
50:02:91:00:35:C9,192.168.1.100,Desconhecido,ARP,False,23,,,,,2025-07-04T08:50:34.438173-03:00
50:02:91:00:35:C9,192.168.1.100,Desconhecido,ARP,False,23,,,,,2025-07-04T08:50:44.444105-03:00
5C:CD:5B:C5:4E:C8,192.168.1.104,Desconhecido,ARP,False,9,,,,,2025-07-04T08:50:51.088531-03:00
50:02:91:00:35:C9,192.168.1.100,Desconhecido,ARP,False,23,,,,,2025-07-04T08:50:54.491592-03:00
50:02:91:00:35:C9,192.168.1.100,Desconhecido,ARP,False,23,,,,,2025-07-04T08:51:04.443687-03:00
8C:85:90:49:3D:EA,192.168.1.108,Desconhecido,ARP,False,23,,,,,2025-07-04T08:51:08.959016-03:00
50:02:91:00:35:C9,192.168.1.100,Desconhecido,ARP,False,23,,,,,2025-07-04T08:51:14.435541-03:00
5C:CD:5B:C5:4E:C8,192.168.1.104,Desconhecido,ARP,False,9,,,,,2025-07-04T08:51:22.089714-03:00
50:02:91:00:35:C9,192.168.1.100,Desconhecido,ARP,False,23,,,,,2025-07-04T08:51:24.442889-03:00
50:02:91:00:35:C9,192.168.1.100,Desconhecido,ARP,False,23,,,,,2025-07-04T08:51:34.456659-03:00
50:02:91:00:35:C9,192.168.1.100,Desconhecido,ARP,False,23,,,,,2025-07-04T08:51:44.443056-03:00
5C:CD:5B:C5:4E:C8,192.168.1.104,Desconhecido,ARP,False,9,,,,,2025-07-04T08:51:51.094039-03:00
50:02:91:00:35:C9,192.168.1.100,Desconhecido,ARP,False,23,,,,,2025-07-04T08:51:54.438472-03:00
8C:85:90:49:3D:EA,192.168.1.108,Desconhecido,ARP,False,23,,,,,2025-07-04T08:51:59.176879-03:00
50:02:91:00:35:C9,192.168.1.100,Desconhecido,ARP,False,23,,,,,2025-07-04T08:52:04.442354-03:00
50:02:91:00:35:C9,192.168.1.100,Desconhecido,ARP,False,23,,,,,2025-07-04T08:52:14.442876-03:00
5C:CD:5B:C5:4E:C8,192.168.1.104,Desconhecido,ARP,False,9,,,,,2025-07-04T08:52:21.592153-03:00
50:02:91:00:35:C9,192.168.1.100,Desconhecido,ARP,False,23,,,,,2025-07-04T08:52:24.437634-03:00
50:02:91:00:35:C9,192.168.1.100,Desconhecido,ARP,False,23,,,,,2025-07-04T08:52:34.449282-03:00
50:02:91:00:35:C9,192.168.1.100,Desconhecido,ARP,False,23,,,,,2025-07-04T08:52:44.444222-03:00
8C:85:90:49:3D:EA,192.168.1.108,Desconhecido,ARP,False,23,,,,,2025-07-04T08:52:50.383778-03:00
5C:CD:5B:C5:4E:C8,192.168.1.104,Desconhecido,ARP,False,9,,,,,2025-07-04T08:52:52.593204-03:00
50:02:91:00:35:C9,192.168.1.100,Desconhecido,ARP,False,23,,,,,2025-07-04T08:52:54.439163-03:00
50:02:91:00:35:C9,192.168.1.100,Desconhecido,ARP,False,23,,,,,2025-07-04T08:53:04.441933-03:00
50:02:91:00:35:C9,192.168.1.100,Desconhecido,ARP,False,23,,,,,2025-07-04T08:53:14.437157-03:00
8E:A7:69:77:00:00,0.0.0.0,Watch,DHCP,False,0,,,,,2025-07-04T08:53:19.292022-03:00
8E:A7:69:77:00:00,192.168.1.115,Desconhecido,ARP,False,23,,,,,2025-07-04T08:53:19.333330-03:00
8E:A7:69:77:00:00,192.168.1.115,Desconhecido,ARP,False,23,,,,,2025-07-04T08:53:20.641151-03:00
5C:CD:5B:C5:4E:C8,192.168.1.104,Desconhecido,ARP,False,9,,,,,2025-07-04T08:53:23.089073-03:00
50:02:91:00:35:C9,192.168.1.100,Desconhecido,ARP,False,23,,,,,2025-07-04T08:53:24.497861-03:00
8E:A7:69:77:00:00,0.0.0.0,Watch,DHCP,False,0,,,,,2025-07-04T08:53:26.155305-03:00
8E:A7:69:77:00:00,192.168.1.115,Desconhecido,ARP,False,23,,,,,2025-07-04T08:53:26.170582-03:00
8E:A7:69:77:00:00,192.168.1.115,Desconhecido,ARP,False,23,,,,,2025-07-04T08:53:27.498846-03:00
50:02:91:00:35:C9,192.168.1.100,Desconhecido,ARP,False,23,,,,,2025-07-04T08:53:34.456519-03:00
8C:85:90:49:3D:EA,192.168.1.108,Desconhecido,ARP,False,23,,,,,2025-07-04T08:53:41.484930-03:00
50:02:91:00:35:C9,192.168.1.100,Desconhecido,ARP,False,23,,,,,2025-07-04T08:53:44.439897-03:00
5C:CD:5B:C5:4E:C8,192.168.1.104,Desconhecido,ARP,False,9,,,,,2025-07-04T08:53:54.079362-03:00
50:02:91:00:35:C9,192.168.1.100,Desconhecido,ARP,False,23,,,,,2025-07-04T08:53:54.439580-03:00
50:02:91:00:35:C9,192.168.1.100,Desconhecido,ARP,False,23,,,,,2025-07-04T08:54:04.440110-03:00
50:02:91:00:35:C9,192.168.1.100,Desconhecido,ARP,False,23,,,,,2025-07-04T08:54:14.437780-03:00
5C:CD:5B:C5:4E:C8,192.168.1.104,Desconhecido,ARP,False,9,,,,,2025-07-04T08:54:22.590156-03:00
50:02:91:00:35:C9,192.168.1.100,Desconhecido,ARP,False,23,,,,,2025-07-04T08:54:24.438889-03:00
8C:85:90:49:3D:EA,192.168.1.108,Desconhecido,ARP,False,23,,,,,2025-07-04T08:54:32.648183-03:00
50:02:91:00:35:C9,192.168.1.100,Desconhecido,ARP,False,23,,,,,2025-07-04T08:54:34.441428-03:00
50:02:91:00:35:C9,192.168.1.100,Desconhecido,ARP,False,23,,,,,2025-07-04T08:54:44.512432-03:00
8E:A7:69:77:00:00,0.0.0.0,Watch,DHCP,False,0,,,,,2025-07-04T08:54:52.465010-03:00
8E:A7:69:77:00:00,192.168.1.115,Desconhecido,ARP,False,23,,,,,2025-07-04T08:54:52.512772-03:00
8E:A7:69:77:00:00,192.168.1.115,Desconhecido,ARP,False,23,,,,,2025-07-04T08:54:53.812795-03:00
50:02:91:00:35:C9,192.168.1.100,Desconhecido,ARP,False,23,,,,,2025-07-04T08:54:54.444359-03:00
5C:CD:5B:C5:4E:C8,192.168.1.104,Desconhecido,ARP,False,9,,,,,2025-07-04T08:54:55.088487-03:00
8E:A7:69:77:00:00,0.0.0.0,Watch,DHCP,False,0,,,,,2025-07-04T08:55:00.397233-03:00
8E:A7:69:77:00:00,192.168.1.115,Desconhecido,ARP,False,23,,,,,2025-07-04T08:55:00.436873-03:00
8E:A7:69:77:00:00,192.168.1.115,Desconhecido,ARP,False,23,,,,,2025-07-04T08:55:01.736036-03:00
8E:A7:69:77:00:00,192.168.1.115,Desconhecido,ARP,False,23,,,,,2025-07-04T08:55:02.062098-03:00
50:02:91:00:35:C9,192.168.1.100,Desconhecido,ARP,False,23,,,,,2025-07-04T08:55:04.442732-03:00
8E:A7:69:77:00:00,0.0.0.0,Watch,DHCP,False,0,,,,,2025-07-04T08:55:13.210153-03:00
8E:A7:69:77:00:00,192.168.1.115,Desconhecido,ARP,False,23,,,,,2025-07-04T08:55:13.243882-03:00
8E:A7:69:77:00:00,192.168.1.115,Desconhecido,ARP,False,23,,,,,2025-07-04T08:55:14.098236-03:00
50:02:91:00:35:C9,192.168.1.100,Desconhecido,ARP,False,23,,,,,2025-07-04T08:55:14.438461-03:00
8E:A7:69:77:00:00,192.168.1.115,Desconhecido,ARP,False,23,,,,,2025-07-04T08:55:14.563371-03:00
8E:A7:69:77:00:00,0.0.0.0,Watch,DHCP,False,0,,,,,2025-07-04T08:55:16.184669-03:00
8E:A7:69:77:00:00,192.168.1.115,Desconhecido,ARP,False,23,,,,,2025-07-04T08:55:16.202583-03:00
8E:A7:69:77:00:00,192.168.1.115,Desconhecido,ARP,False,23,,,,,2025-07-04T08:55:17.528866-03:00
8E:A7:69:77:00:00,0.0.0.0,Watch,DHCP,False,0,,,,,2025-07-04T08:55:22.837315-03:00
8E:A7:69:77:00:00,192.168.1.115,Desconhecido,ARP,False,23,,,,,2025-07-04T08:55:22.882579-03:00
5C:CD:5B:C5:4E:C8,192.168.1.104,Desconhecido,ARP,False,9,,,,,2025-07-04T08:55:23.583876-03:00
8E:A7:69:77:00:00,192.168.1.115,Desconhecido,ARP,False,23,,,,,2025-07-04T08:55:24.173188-03:00
50:02:91:00:35:C9,192.168.1.100,Desconhecido,ARP,False,23,,,,,2025-07-04T08:55:24.444732-03:00
8C:85:90:49:3D:EA,192.168.1.108,Desconhecido,ARP,False,23,,,,,2025-07-04T08:55:24.497246-03:00
8E:A7:69:77:00:00,0.0.0.0,Watch,DHCP,False,0,,,,,2025-07-04T08:55:31.631945-03:00
8E:A7:69:77:00:00,192.168.1.115,Desconhecido,ARP,False,23,,,,,2025-07-04T08:55:31.656176-03:00
8E:A7:69:77:00:00,192.168.1.115,Desconhecido,ARP,False,23,,,,,2025-07-04T08:55:32.991807-03:00
50:02:91:00:35:C9,192.168.1.100,Desconhecido,ARP,False,23,,,,,2025-07-04T08:55:34.447807-03:00
50:02:91:00:35:C9,192.168.1.100,Desconhecido,ARP,False,23,,,,,2025-07-04T08:55:44.448750-03:00
50:02:91:00:35:C9,192.168.1.100,Desconhecido,ARP,False,23,,,,,2025-07-04T08:55:54.448182-03:00
8E:A7:69:77:00:00,0.0.0.0,Watch,DHCP,False,0,,,,,2025-07-04T08:55:56.033122-03:00
8E:A7:69:77:00:00,192.168.1.115,Desconhecido,ARP,False,23,,,,,2025-07-04T08:55:56.068524-03:00
5C:CD:5B:C5:4E:C8,192.168.1.104,Desconhecido,ARP,False,9,,,,,2025-07-04T08:55:56.581598-03:00
8E:A7:69:77:00:00,192.168.1.115,Desconhecido,ARP,False,23,,,,,2025-07-04T08:55:57.382192-03:00
50:02:91:00:35:C9,192.168.1.100,Desconhecido,ARP,False,23,,,,,2025-07-04T08:56:04.473403-03:00
50:02:91:00:35:C9,192.168.1.100,Desconhecido,ARP,False,23,,,,,2025-07-04T08:56:14.439345-03:00
8C:85:90:49:3D:EA,192.168.1.108,Desconhecido,ARP,False,23,,,,,2025-07-04T08:56:15.646950-03:00
8E:A7:69:77:00:00,0.0.0.0,Watch,DHCP,False,0,,,,,2025-07-04T08:56:16.754054-03:00
8E:A7:69:77:00:00,192.168.1.115,Desconhecido,ARP,False,23,,,,,2025-07-04T08:56:16.774768-03:00
8E:A7:69:77:00:00,192.168.1.115,Desconhecido,ARP,False,23,,,,,2025-07-04T08:56:18.110426-03:00
8E:A7:69:77:00:00,192.168.1.115,Desconhecido,ARP,False,23,,,,,2025-07-04T08:56:18.434797-03:00
8E:A7:69:77:00:00,0.0.0.0,Watch,DHCP,False,0,,,,,2025-07-04T08:56:21.441179-03:00
8E:A7:69:77:00:00,192.168.1.115,Desconhecido,ARP,False,23,,,,,2025-07-04T08:56:21.488501-03:00
8E:A7:69:77:00:00,192.168.1.115,Desconhecido,ARP,False,23,,,,,2025-07-04T08:56:22.780906-03:00
8E:A7:69:77:00:00,192.168.1.115,Desconhecido,ARP,False,23,,,,,2025-07-04T08:56:23.109115-03:00
50:02:91:00:35:C9,192.168.1.100,Desconhecido,ARP,False,23,,,,,2025-07-04T08:56:24.441920-03:00
50:02:91:00:35:C9,192.168.1.100,Desconhecido,ARP,False,23,,,,,2025-07-04T08:56:34.442111-03:00
50:02:91:00:35:C9,192.168.1.100,Desconhecido,ARP,False,23,,,,,2025-07-04T08:56:44.448569-03:00
50:02:91:00:35:C9,192.168.1.100,Desconhecido,ARP,False,23,,,,,2025-07-04T08:56:54.445953-03:00
5C:CD:5B:C5:4E:C8,192.168.1.104,Desconhecido,ARP,False,9,,,,,2025-07-04T08:56:58.095582-03:00
50:02:91:00:35:C9,192.168.1.100,Desconhecido,ARP,False,23,,,,,2025-07-04T08:57:04.440896-03:00
8C:85:90:49:3D:EA,192.168.1.108,Desconhecido,ARP,False,23,,,,,2025-07-04T08:57:06.783916-03:00
50:02:91:00:35:C9,192.168.1.100,Desconhecido,ARP,False,23,,,,,2025-07-04T08:57:14.440107-03:00
50:02:91:00:35:C9,192.168.1.100,Desconhecido,ARP,False,23,,,,,2025-07-04T08:57:24.502937-03:00
50:02:91:00:35:C9,192.168.1.100,Desconhecido,ARP,False,23,,,,,2025-07-04T08:57:34.442946-03:00
50:02:91:00:35:C9,192.168.1.100,Desconhecido,ARP,False,23,,,,,2025-07-04T08:57:44.442897-03:00
50:02:91:00:35:C9,192.168.1.100,Desconhecido,ARP,False,23,,,,,2025-07-04T08:57:54.443421-03:00
8C:85:90:49:3D:EA,192.168.1.108,Desconhecido,ARP,False,23,,,,,2025-07-04T08:57:56.944284-03:00
5C:CD:5B:C5:4E:C8,192.168.1.104,Desconhecido,ARP,False,9,,,,,2025-07-04T08:57:59.092758-03:00
50:02:91:00:35:C9,192.168.1.100,Desconhecido,ARP,False,23,,,,,2025-07-04T08:58:04.443714-03:00
50:02:91:00:35:C9,192.168.1.100,Desconhecido,ARP,False,23,,,,,2025-07-04T08:58:14.447074-03:00
8E:A7:69:77:00:00,0.0.0.0,Watch,DHCP,False,0,,,,,2025-07-04T08:58:20.290970-03:00
8E:A7:69:77:00:00,192.168.1.115,Desconhecido,ARP,False,23,,,,,2025-07-04T08:58:20.324064-03:00
50:02:91:00:35:C9,192.168.1.100,Desconhecido,ARP,False,23,,,,,2025-07-04T08:58:24.457164-03:00
8E:A7:69:77:00:00,0.0.0.0,Watch,DHCP,False,0,,,,,2025-07-04T08:58:29.862883-03:00
8E:A7:69:77:00:00,192.168.1.115,Desconhecido,ARP,False,23,,,,,2025-07-04T08:58:29.882799-03:00
8E:A7:69:77:00:00,192.168.1.115,Desconhecido,ARP,False,23,,,,,2025-07-04T08:58:31.202833-03:00
8E:A7:69:77:00:00,192.168.1.115,Desconhecido,ARP,False,23,,,,,2025-07-04T08:58:31.527114-03:00
50:02:91:00:35:C9,192.168.1.100,Desconhecido,ARP,False,23,,,,,2025-07-04T08:58:34.442173-03:00
50:02:91:00:35:C9,192.168.1.100,Desconhecido,ARP,False,23,,,,,2025-07-04T08:58:44.442146-03:00
8C:85:90:49:3D:EA,192.168.1.108,Desconhecido,ARP,False,23,,,,,2025-07-04T08:58:48.121707-03:00
50:02:91:00:35:C9,192.168.1.100,Desconhecido,ARP,False,23,,,,,2025-07-04T08:58:54.443790-03:00
5C:CD:5B:C5:4E:C8,192.168.1.104,Desconhecido,ARP,False,9,,,,,2025-07-04T08:59:00.590027-03:00
50:02:91:00:35:C9,192.168.1.100,Desconhecido,ARP,False,23,,,,,2025-07-04T08:59:04.445379-03:00
50:02:91:00:35:C9,192.168.1.100,Desconhecido,ARP,False,23,,,,,2025-07-04T08:59:14.446572-03:00
50:02:91:00:35:C9,192.168.1.100,Desconhecido,ARP,False,23,,,,,2025-07-04T08:59:24.464718-03:00
50:02:91:00:35:C9,192.168.1.100,Desconhecido,ARP,False,23,,,,,2025-07-04T08:59:34.444398-03:00
8C:85:90:49:3D:EA,192.168.1.108,Desconhecido,ARP,False,23,,,,,2025-07-04T08:59:39.272344-03:00
50:02:91:00:35:C9,192.168.1.100,Desconhecido,ARP,False,23,,,,,2025-07-04T08:59:44.444517-03:00
50:02:91:00:35:C9,192.168.1.100,Desconhecido,ARP,False,23,,,,,2025-07-04T08:59:54.515230-03:00
8E:A7:69:77:00:00,0.0.0.0,Watch,DHCP,False,0,,,,,2025-07-04T09:00:00.455439-03:00
8E:A7:69:77:00:00,192.168.1.115,Desconhecido,ARP,False,23,,,,,2025-07-04T09:00:00.488326-03:00
5C:CD:5B:C5:4E:C8,192.168.1.104,Desconhecido,ARP,False,9,,,,,2025-07-04T09:00:01.584567-03:00
8E:A7:69:77:00:00,192.168.1.115,Desconhecido,ARP,False,23,,,,,2025-07-04T09:00:01.797829-03:00
50:02:91:00:35:C9,192.168.1.100,Desconhecido,ARP,False,23,,,,,2025-07-04T09:00:04.442305-03:00
D8:A3:5C:77:C1:C6,0.0.0.0,Samsung,DHCP,False,0,,,,,2025-07-04T09:00:07.039777-03:00
D8:A3:5C:77:C1:C6,0.0.0.0,Samsung,DHCP,False,0,,,,,2025-07-04T09:00:08.285545-03:00
D8:A3:5C:77:C1:C6,0.0.0.0,Samsung,DHCP,False,0,,,,,2025-07-04T09:00:11.138720-03:00
D8:A3:5C:77:C1:C6,0.0.0.0,Samsung,DHCP,False,0,,,,,2025-07-04T09:00:12.189346-03:00
D8:A3:5C:77:C1:C6,192.168.1.116,Desconhecido,ARP,False,0,,,,,2025-07-04T09:00:12.272952-03:00
D8:A3:5C:77:C1:C6,192.168.1.116,Desconhecido,ARP,False,0,,,,,2025-07-04T09:00:12.325882-03:00
D8:A3:5C:77:C1:C6,192.168.1.116,Desconhecido,ARP,False,0,,,,,2025-07-04T09:00:12.395518-03:00
D8:A3:5C:77:C1:C6,192.168.1.116,Desconhecido,ARP,False,0,,,,,2025-07-04T09:00:12.492651-03:00
D8:A3:5C:77:C1:C6,192.168.1.116,Desconhecido,ARP,False,0,,,,,2025-07-04T09:00:12.595042-03:00
D8:A3:5C:77:C1:C6,192.168.1.116,Desconhecido,ARP,False,0,,,,,2025-07-04T09:00:12.694850-03:00
D8:A3:5C:77:C1:C6,192.168.1.116,Desconhecido,ARP,False,0,,,,,2025-07-04T09:00:12.821204-03:00
8E:A7:69:77:00:00,0.0.0.0,Watch,DHCP,False,0,,,,,2025-07-04T09:00:14.065115-03:00
8E:A7:69:77:00:00,192.168.1.115,Desconhecido,ARP,False,23,,,,,2025-07-04T09:00:14.084852-03:00
8E:A7:69:77:00:00,192.168.1.115,Desconhecido,ARP,False,23,,,,,2025-07-04T09:00:14.130263-03:00
50:02:91:00:35:C9,192.168.1.100,Desconhecido,ARP,False,23,,,,,2025-07-04T09:00:14.442357-03:00
8E:A7:69:77:00:00,192.168.1.115,Desconhecido,ARP,False,23,,,,,2025-07-04T09:00:14.544979-03:00
8E:A7:69:77:00:00,192.168.1.115,Desconhecido,ARP,False,23,,,,,2025-07-04T09:00:15.410102-03:00
50:02:91:00:35:C9,192.168.1.100,Desconhecido,ARP,False,23,,,,,2025-07-04T09:00:24.446749-03:00
8C:85:90:49:3D:EA,192.168.1.108,Desconhecido,ARP,False,23,,,,,2025-07-04T09:00:30.448415-03:00
50:02:91:00:35:C9,192.168.1.100,Desconhecido,ARP,False,23,,,,,2025-07-04T09:00:34.448410-03:00
50:02:91:00:35:C9,192.168.1.100,Desconhecido,ARP,False,23,,,,,2025-07-04T09:00:44.452405-03:00
50:02:91:00:35:C9,192.168.1.100,Desconhecido,ARP,False,23,,,,,2025-07-04T09:00:54.445511-03:00
50:02:91:00:35:C9,192.168.1.100,Desconhecido,ARP,False,23,,,,,2025-07-04T09:01:04.444812-03:00
50:02:91:00:35:C9,192.168.1.100,Desconhecido,ARP,False,23,,,,,2025-07-04T09:01:14.443155-03:00
8C:85:90:49:3D:EA,192.168.1.108,Desconhecido,ARP,False,23,,,,,2025-07-04T09:01:21.626923-03:00
5C:CD:5B:C5:4E:C8,192.168.1.104,Desconhecido,ARP,False,9,,,,,2025-07-04T09:01:22.594188-03:00
50:02:91:00:35:C9,192.168.1.100,Desconhecido,ARP,False,23,,,,,2025-07-04T09:01:24.447427-03:00
50:02:91:00:35:C9,192.168.1.100,Desconhecido,ARP,False,23,,,,,2025-07-04T09:01:34.451228-03:00
50:02:91:00:35:C9,192.168.1.100,Desconhecido,ARP,False,23,,,,,2025-07-04T09:01:44.454672-03:00
50:02:91:00:35:C9,192.168.1.100,Desconhecido,ARP,False,23,,,,,2025-07-04T09:01:54.451558-03:00
8E:A7:69:77:00:00,0.0.0.0,Watch,DHCP,False,0,,,,,2025-07-04T09:02:02.276243-03:00
8E:A7:69:77:00:00,192.168.1.115,Desconhecido,ARP,False,23,,,,,2025-07-04T09:02:02.432761-03:00
8E:A7:69:77:00:00,192.168.1.115,Desconhecido,ARP,False,23,,,,,2025-07-04T09:02:03.774833-03:00
8E:A7:69:77:00:00,192.168.1.115,Desconhecido,ARP,False,23,,,,,2025-07-04T09:02:04.099132-03:00
50:02:91:00:35:C9,192.168.1.100,Desconhecido,ARP,False,23,,,,,2025-07-04T09:02:04.444920-03:00
5C:CD:5B:C5:4E:C8,192.168.1.104,Desconhecido,ARP,False,9,,,,,2025-07-04T09:02:04.592161-03:00
8E:A7:69:77:00:00,192.168.1.115,Desconhecido,ARP,False,23,,,,,2025-07-04T09:02:12.102573-03:00
8C:85:90:49:3D:EA,192.168.1.108,Desconhecido,ARP,False,23,,,,,2025-07-04T09:02:12.775639-03:00
50:02:91:00:35:C9,192.168.1.100,Desconhecido,ARP,False,23,,,,,2025-07-04T09:02:14.445507-03:00
92:F7:2C:D1:D7:F6,0.0.0.0,iPhone,DHCP,False,0,,,,,2025-07-04T09:02:16.793254-03:00
92:F7:2C:D1:D7:F6,0.0.0.0,iPhone,DHCP,False,0,,,,,2025-07-04T09:02:17.823150-03:00
92:F7:2C:D1:D7:F6,0.0.0.0,iPhone,DHCP,False,0,,,,,2025-07-04T09:02:18.826163-03:00
92:F7:2C:D1:D7:F6,0.0.0.0,iPhone,DHCP,False,0,,,,,2025-07-04T09:02:20.846538-03:00
92:F7:2C:D1:D7:F6,0.0.0.0,Desconhecido,ARP,False,0,,,,,2025-07-04T09:02:20.891680-03:00
92:F7:2C:D1:D7:F6,0.0.0.0,Desconhecido,ARP,False,0,,,,,2025-07-04T09:02:21.186483-03:00
92:F7:2C:D1:D7:F6,0.0.0.0,Desconhecido,ARP,False,0,,,,,2025-07-04T09:02:21.514869-03:00
92:F7:2C:D1:D7:F6,192.168.1.117,Desconhecido,ARP,False,0,,,,,2025-07-04T09:02:21.837544-03:00
92:F7:2C:D1:D7:F6,192.168.1.117,Desconhecido,ARP,False,0,,,,,2025-07-04T09:02:22.178290-03:00
92:F7:2C:D1:D7:F6,192.168.1.117,Desconhecido,ARP,False,0,,,,,2025-07-04T09:02:22.484840-03:00
92:F7:2C:D1:D7:F6,192.168.1.117,Desconhecido,ARP,False,0,,,,,2025-07-04T09:02:22.533037-03:00
92:F7:2C:D1:D7:F6,192.168.1.117,Desconhecido,ARP,False,0,,,,,2025-07-04T09:02:22.661934-03:00
92:F7:2C:D1:D7:F6,192.168.1.117,Desconhecido,ARP,False,0,,,,,2025-07-04T09:02:22.699612-03:00
50:02:91:00:35:C9,192.168.1.100,Desconhecido,ARP,False,23,,,,,2025-07-04T09:02:24.509796-03:00
8E:A7:69:77:00:00,0.0.0.0,Watch,DHCP,False,0,,,,,2025-07-04T09:02:28.658410-03:00
8E:A7:69:77:00:00,192.168.1.115,Desconhecido,ARP,False,23,,,,,2025-07-04T09:02:28.680677-03:00
8E:A7:69:77:00:00,192.168.1.115,Desconhecido,ARP,False,23,,,,,2025-07-04T09:02:29.996781-03:00
8E:A7:69:77:00:00,192.168.1.115,Desconhecido,ARP,False,23,,,,,2025-07-04T09:02:30.326075-03:00
50:02:91:00:35:C9,192.168.1.100,Desconhecido,ARP,False,23,,,,,2025-07-04T09:02:34.445304-03:00
50:02:91:00:35:C9,192.168.1.100,Desconhecido,ARP,False,23,,,,,2025-07-04T09:02:44.448723-03:00
50:02:91:00:35:C9,192.168.1.100,Desconhecido,ARP,False,23,,,,,2025-07-04T09:02:54.445549-03:00
92:F7:2C:D1:D7:F6,0.0.0.0,iPhone,DHCP,False,0,,,,,2025-07-04T09:02:58.095984-03:00
92:F7:2C:D1:D7:F6,192.168.1.117,Desconhecido,ARP,False,0,,,,,2025-07-04T09:02:58.127466-03:00
92:F7:2C:D1:D7:F6,192.168.1.117,Desconhecido,ARP,False,0,,,,,2025-07-04T09:02:58.175166-03:00
92:F7:2C:D1:D7:F6,192.168.1.117,Desconhecido,ARP,False,0,,,,,2025-07-04T09:02:59.430013-03:00
92:F7:2C:D1:D7:F6,192.168.1.117,Desconhecido,ARP,False,0,,,,,2025-07-04T09:02:59.473097-03:00
8C:85:90:49:3D:EA,192.168.1.108,Desconhecido,ARP,False,23,,,,,2025-07-04T09:03:03.959305-03:00
50:02:91:00:35:C9,192.168.1.100,Desconhecido,ARP,False,23,,,,,2025-07-04T09:03:04.447627-03:00
5C:CD:5B:C5:4E:C8,192.168.1.104,Desconhecido,ARP,False,9,,,,,2025-07-04T09:03:05.590055-03:00
50:02:91:00:35:C9,192.168.1.100,Desconhecido,ARP,False,23,,,,,2025-07-04T09:03:14.446343-03:00
50:02:91:00:35:C9,192.168.1.100,Desconhecido,ARP,False,23,,,,,2025-07-04T09:03:24.447945-03:00
50:02:91:00:35:C9,192.168.1.100,Desconhecido,ARP,False,23,,,,,2025-07-04T09:03:34.452029-03:00
5C:CD:5B:C5:4E:C8,192.168.1.104,Desconhecido,ARP,False,9,,,,,2025-07-04T09:03:36.596106-03:00
50:02:91:00:35:C9,192.168.1.100,Desconhecido,ARP,False,23,,,,,2025-07-04T09:03:44.456412-03:00
50:02:91:00:35:C9,192.168.1.100,Desconhecido,ARP,False,23,,,,,2025-07-04T09:03:54.454798-03:00
50:02:91:00:35:C9,192.168.1.100,Desconhecido,ARP,False,23,,,,,2025-07-04T09:04:04.451448-03:00
5C:CD:5B:C5:4E:C8,192.168.1.104,Desconhecido,ARP,False,9,,,,,2025-07-04T09:04:07.084083-03:00
50:02:91:00:35:C9,192.168.1.100,Desconhecido,ARP,False,23,,,,,2025-07-04T09:04:14.455934-03:00
50:02:91:00:35:C9,192.168.1.100,Desconhecido,ARP,False,23,,,,,2025-07-04T09:04:24.453807-03:00
50:02:91:00:35:C9,192.168.1.100,Desconhecido,ARP,False,23,,,,,2025-07-04T09:04:34.451849-03:00
50:02:91:00:35:C9,192.168.1.100,Desconhecido,ARP,False,23,,,,,2025-07-04T09:04:44.461938-03:00
8C:85:90:49:3D:EA,192.168.1.108,Desconhecido,ARP,False,23,,,,,2025-07-04T09:04:45.382812-03:00
50:02:91:00:35:C9,192.168.1.100,Desconhecido,ARP,False,23,,,,,2025-07-04T09:04:54.448738-03:00
8E:A7:69:77:00:00,0.0.0.0,Watch,DHCP,False,0,,,,,2025-07-04T09:05:00.412651-03:00
8E:A7:69:77:00:00,192.168.1.115,Desconhecido,ARP,False,23,,,,,2025-07-04T09:05:00.442699-03:00
8E:A7:69:77:00:00,192.168.1.115,Desconhecido,ARP,False,23,,,,,2025-07-04T09:05:01.751835-03:00
50:02:91:00:35:C9,192.168.1.100,Desconhecido,ARP,False,23,,,,,2025-07-04T09:05:04.448693-03:00
8E:A7:69:77:00:00,0.0.0.0,Watch,DHCP,False,0,,,,,2025-07-04T09:05:07.721057-03:00
8E:A7:69:77:00:00,192.168.1.115,Desconhecido,ARP,False,23,,,,,2025-07-04T09:05:07.767352-03:00
5C:CD:5B:C5:4E:C8,192.168.1.104,Desconhecido,ARP,False,9,,,,,2025-07-04T09:05:08.591223-03:00
8E:A7:69:77:00:00,192.168.1.115,Desconhecido,ARP,False,23,,,,,2025-07-04T09:05:09.054392-03:00
8E:A7:69:77:00:00,192.168.1.115,Desconhecido,ARP,False,23,,,,,2025-07-04T09:05:09.383608-03:00
8E:A7:69:77:00:00,192.168.1.115,Desconhecido,ARP,False,23,,,,,2025-07-04T09:05:11.103924-03:00
50:02:91:00:35:C9,192.168.1.100,Desconhecido,ARP,False,23,,,,,2025-07-04T09:05:14.452861-03:00
50:02:91:00:35:C9,192.168.1.100,Desconhecido,ARP,False,23,,,,,2025-07-04T09:05:24.450500-03:00
8E:A7:69:77:00:00,0.0.0.0,Watch,DHCP,False,0,,,,,2025-07-04T09:05:31.903863-03:00
8E:A7:69:77:00:00,192.168.1.115,Desconhecido,ARP,False,23,,,,,2025-07-04T09:05:31.948605-03:00
8E:A7:69:77:00:00,192.168.1.115,Desconhecido,ARP,False,23,,,,,2025-07-04T09:05:33.240305-03:00
8E:A7:69:77:00:00,192.168.1.115,Desconhecido,ARP,False,23,,,,,2025-07-04T09:05:33.567877-03:00
50:02:91:00:35:C9,192.168.1.100,Desconhecido,ARP,False,23,,,,,2025-07-04T09:05:34.452708-03:00
8C:85:90:49:3D:EA,192.168.1.108,Desconhecido,ARP,False,23,,,,,2025-07-04T09:05:36.556695-03:00
8E:A7:69:77:00:00,0.0.0.0,Watch,DHCP,False,0,,,,,2025-07-04T09:05:44.001620-03:00
8E:A7:69:77:00:00,192.168.1.115,Desconhecido,ARP,False,23,,,,,2025-07-04T09:05:44.021447-03:00
50:02:91:00:35:C9,192.168.1.100,Desconhecido,ARP,False,23,,,,,2025-07-04T09:05:44.470130-03:00
8E:A7:69:77:00:00,192.168.1.115,Desconhecido,ARP,False,23,,,,,2025-07-04T09:05:45.349681-03:00
50:02:91:00:35:C9,192.168.1.100,Desconhecido,ARP,False,23,,,,,2025-07-04T09:05:54.447986-03:00
5C:CD:5B:C5:4E:C8,192.168.1.104,Desconhecido,ARP,False,9,,,,,2025-07-04T09:05:56.587754-03:00
50:02:91:00:35:C9,192.168.1.100,Desconhecido,ARP,False,23,,,,,2025-07-04T09:06:04.450368-03:00
50:02:91:00:35:C9,192.168.1.100,Desconhecido,ARP,False,23,,,,,2025-07-04T09:06:14.508073-03:00
8E:A7:69:77:00:00,0.0.0.0,Watch,DHCP,False,0,,,,,2025-07-04T09:06:23.275091-03:00
8E:A7:69:77:00:00,192.168.1.115,Desconhecido,ARP,False,23,,,,,2025-07-04T09:06:23.303581-03:00
50:02:91:00:35:C9,192.168.1.100,Desconhecido,ARP,False,23,,,,,2025-07-04T09:06:24.449729-03:00
5C:CD:5B:C5:4E:C8,192.168.1.104,Desconhecido,ARP,False,9,,,,,2025-07-04T09:06:25.091459-03:00
8C:85:90:49:3D:EA,192.168.1.108,Desconhecido,ARP,False,23,,,,,2025-07-04T09:06:27.680203-03:00
50:02:91:00:35:C9,192.168.1.100,Desconhecido,ARP,False,23,,,,,2025-07-04T09:06:34.449863-03:00
50:02:91:00:35:C9,192.168.1.100,Desconhecido,ARP,False,23,,,,,2025-07-04T09:06:44.448372-03:00
50:02:91:00:35:C9,192.168.1.100,Desconhecido,ARP,False,23,,,,,2025-07-04T09:06:54.448485-03:00
50:02:91:00:35:C9,192.168.1.100,Desconhecido,ARP,False,23,,,,,2025-07-04T09:07:04.451617-03:00
50:02:91:00:35:C9,192.168.1.100,Desconhecido,ARP,False,23,,,,,2025-07-04T09:07:14.449206-03:00
8C:85:90:49:3D:EA,192.168.1.108,Desconhecido,ARP,False,23,,,,,2025-07-04T09:07:18.836268-03:00
5C:CD:5B:C5:4E:C8,192.168.1.104,Desconhecido,ARP,False,9,,,,,2025-07-04T09:07:21.587119-03:00
50:02:91:00:35:C9,192.168.1.100,Desconhecido,ARP,False,23,,,,,2025-07-04T09:07:24.453881-03:00
50:02:91:00:35:C9,192.168.1.100,Desconhecido,ARP,False,23,,,,,2025-07-04T09:07:34.452121-03:00
50:02:91:00:35:C9,192.168.1.100,Desconhecido,ARP,False,23,,,,,2025-07-04T09:07:44.450765-03:00
5C:CD:5B:C5:4E:C8,192.168.1.104,Desconhecido,ARP,False,9,,,,,2025-07-04T09:07:53.085192-03:00
50:02:91:00:35:C9,192.168.1.100,Desconhecido,ARP,False,23,,,,,2025-07-04T09:07:54.450964-03:00
10:43:2D:78:70:8F,0.0.0.0,Desconhecido,DHCP,False,0,,,,,2025-07-04T09:07:57.543922-03:00
10:43:2D:78:70:8F,0.0.0.0,Desconhecido,DHCP,False,0,,,,,2025-07-04T09:07:57.590037-03:00
10:43:2D:78:70:8F,0.0.0.0,Desconhecido,DHCP,False,0,,,,,2025-07-04T09:07:59.732582-03:00
10:43:2D:78:70:8F,192.168.1.118,Desconhecido,ARP,False,0,,,,,2025-07-04T09:07:59.881891-03:00
10:43:2D:78:70:8F,192.168.1.118,Desconhecido,ARP,False,0,,,,,2025-07-04T09:07:59.962380-03:00
50:02:91:00:35:C9,192.168.1.100,Desconhecido,ARP,False,23,,,,,2025-07-04T09:08:04.451585-03:00
8C:85:90:49:3D:EA,192.168.1.108,Desconhecido,ARP,False,23,,,,,2025-07-04T09:08:10.004837-03:00
50:02:91:00:35:C9,192.168.1.100,Desconhecido,ARP,False,23,,,,,2025-07-04T09:08:14.450675-03:00
5C:CD:5B:C5:4E:C8,192.168.1.104,Desconhecido,ARP,False,9,,,,,2025-07-04T09:08:22.096760-03:00
50:02:91:00:35:C9,192.168.1.100,Desconhecido,ARP,False,23,,,,,2025-07-04T09:08:24.450010-03:00
50:02:91:00:35:C9,192.168.1.100,Desconhecido,ARP,False,23,,,,,2025-07-04T09:08:34.453807-03:00
50:02:91:00:35:C9,192.168.1.100,Desconhecido,ARP,False,23,,,,,2025-07-04T09:08:44.449988-03:00
50:02:91:00:35:C9,192.168.1.100,Desconhecido,ARP,False,23,,,,,2025-07-04T09:08:54.450295-03:00
5C:CD:5B:C5:4E:C8,192.168.1.104,Desconhecido,ARP,False,9,,,,,2025-07-04T09:08:59.086035-03:00
8C:85:90:49:3D:EA,192.168.1.108,Desconhecido,ARP,False,23,,,,,2025-07-04T09:09:01.147063-03:00
50:02:91:00:35:C9,192.168.1.100,Desconhecido,ARP,False,23,,,,,2025-07-04T09:09:04.455871-03:00
50:02:91:00:35:C9,192.168.1.100,Desconhecido,ARP,False,23,,,,,2025-07-04T09:09:14.453422-03:00
50:02:91:00:35:C9,192.168.1.100,Desconhecido,ARP,False,23,,,,,2025-07-04T09:09:24.451666-03:00
50:02:91:00:35:C9,192.168.1.100,Desconhecido,ARP,False,23,,,,,2025-07-04T09:09:34.453434-03:00
50:02:91:00:35:C9,192.168.1.100,Desconhecido,ARP,False,23,,,,,2025-07-04T09:09:44.455628-03:00
5C:CD:5B:C5:4E:C8,192.168.1.104,Desconhecido,ARP,False,9,,,,,2025-07-04T09:09:48.596851-03:00
8C:85:90:49:3D:EA,192.168.1.108,Desconhecido,ARP,False,23,,,,,2025-07-04T09:09:52.347275-03:00
8E:A7:69:77:00:00,0.0.0.0,Watch,DHCP,False,0,,,,,2025-07-04T09:09:52.653010-03:00
8E:A7:69:77:00:00,192.168.1.115,Desconhecido,ARP,False,23,,,,,2025-07-04T09:09:52.685128-03:00
8E:A7:69:77:00:00,192.168.1.115,Desconhecido,ARP,False,23,,,,,2025-07-04T09:09:54.007625-03:00
50:02:91:00:35:C9,192.168.1.100,Desconhecido,ARP,False,23,,,,,2025-07-04T09:09:54.455905-03:00
50:02:91:00:35:C9,192.168.1.100,Desconhecido,ARP,False,23,,,,,2025-07-04T09:10:04.455313-03:00
8E:A7:69:77:00:00,0.0.0.0,Watch,DHCP,False,0,,,,,2025-07-04T09:10:05.947799-03:00
8E:A7:69:77:00:00,192.168.1.115,Desconhecido,ARP,False,23,,,,,2025-07-04T09:10:05.969746-03:00
8E:A7:69:77:00:00,192.168.1.115,Desconhecido,ARP,False,23,,,,,2025-07-04T09:10:07.284641-03:00
50:02:91:00:35:C9,192.168.1.100,Desconhecido,ARP,False,23,,,,,2025-07-04T09:10:14.450345-03:00
5C:CD:5B:C5:4E:C8,192.168.1.104,Desconhecido,ARP,False,9,,,,,2025-07-04T09:10:21.098254-03:00
50:02:91:00:35:C9,192.168.1.100,Desconhecido,ARP,False,23,,,,,2025-07-04T09:10:24.452833-03:00
50:02:91:00:35:C9,192.168.1.100,Desconhecido,ARP,False,23,,,,,2025-07-04T09:10:34.451818-03:00
8C:85:90:49:3D:EA,192.168.1.108,Desconhecido,ARP,False,23,,,,,2025-07-04T09:10:42.871418-03:00
50:02:91:00:35:C9,192.168.1.100,Desconhecido,ARP,False,23,,,,,2025-07-04T09:10:44.456684-03:00
50:02:91:00:35:C9,192.168.1.100,Desconhecido,ARP,False,23,,,,,2025-07-04T09:10:54.453393-03:00
5C:CD:5B:C5:4E:C8,192.168.1.104,Desconhecido,ARP,False,9,,,,,2025-07-04T09:10:57.595722-03:00
50:02:91:00:35:C9,192.168.1.100,Desconhecido,ARP,False,23,,,,,2025-07-04T09:11:04.451913-03:00
50:02:91:00:35:C9,192.168.1.100,Desconhecido,ARP,False,23,,,,,2025-07-04T09:11:14.451380-03:00
50:02:91:00:35:C9,192.168.1.100,Desconhecido,ARP,False,23,,,,,2025-07-04T09:11:24.471325-03:00
8E:A7:69:77:00:00,0.0.0.0,Watch,DHCP,False,0,,,,,2025-07-04T09:11:30.060075-03:00
8E:A7:69:77:00:00,192.168.1.115,Desconhecido,ARP,False,23,,,,,2025-07-04T09:11:30.076895-03:00
8E:A7:69:77:00:00,192.168.1.115,Desconhecido,ARP,False,23,,,,,2025-07-04T09:11:31.410731-03:00
5C:CD:5B:C5:4E:C8,192.168.1.104,Desconhecido,ARP,False,9,,,,,2025-07-04T09:11:33.098258-03:00
8C:85:90:49:3D:EA,192.168.1.108,Desconhecido,ARP,False,23,,,,,2025-07-04T09:11:33.764740-03:00
50:02:91:00:35:C9,192.168.1.100,Desconhecido,ARP,False,23,,,,,2025-07-04T09:11:34.453808-03:00
50:02:91:00:35:C9,192.168.1.100,Desconhecido,ARP,False,23,,,,,2025-07-04T09:11:44.456400-03:00
50:02:91:00:35:C9,192.168.1.100,Desconhecido,ARP,False,23,,,,,2025-07-04T09:11:54.456168-03:00
50:02:91:00:35:C9,192.168.1.100,Desconhecido,ARP,False,23,,,,,2025-07-04T09:12:04.459036-03:00
8E:A7:69:77:00:00,0.0.0.0,Watch,DHCP,False,0,,,,,2025-07-04T09:12:09.265194-03:00
8E:A7:69:77:00:00,192.168.1.115,Desconhecido,ARP,False,23,,,,,2025-07-04T09:12:09.286603-03:00
8E:A7:69:77:00:00,192.168.1.115,Desconhecido,ARP,False,23,,,,,2025-07-04T09:12:10.602738-03:00
8E:A7:69:77:00:00,192.168.1.115,Desconhecido,ARP,False,23,,,,,2025-07-04T09:12:11.972686-03:00
50:02:91:00:35:C9,192.168.1.100,Desconhecido,ARP,False,23,,,,,2025-07-04T09:12:14.456723-03:00
5C:CD:5B:C5:4E:C8,192.168.1.104,Desconhecido,ARP,False,9,,,,,2025-07-04T09:12:17.588419-03:00
50:02:91:00:35:C9,192.168.1.100,Desconhecido,ARP,False,23,,,,,2025-07-04T09:12:24.485277-03:00
8C:85:90:49:3D:EA,192.168.1.108,Desconhecido,ARP,False,23,,,,,2025-07-04T09:12:24.903308-03:00
50:02:91:00:35:C9,192.168.1.100,Desconhecido,ARP,False,23,,,,,2025-07-04T09:12:34.461250-03:00
50:02:91:00:35:C9,192.168.1.100,Desconhecido,ARP,False,23,,,,,2025-07-04T09:12:44.463400-03:00
8E:A7:69:77:00:00,0.0.0.0,Watch,DHCP,False,0,,,,,2025-07-04T09:12:47.132907-03:00
8E:A7:69:77:00:00,192.168.1.115,Desconhecido,ARP,False,23,,,,,2025-07-04T09:12:47.166010-03:00
8E:A7:69:77:00:00,192.168.1.115,Desconhecido,ARP,False,23,,,,,2025-07-04T09:12:48.474031-03:00
50:02:91:00:35:C9,192.168.1.100,Desconhecido,ARP,False,23,,,,,2025-07-04T09:12:54.461828-03:00
50:02:91:00:35:C9,192.168.1.100,Desconhecido,ARP,False,23,,,,,2025-07-04T09:13:04.455083-03:00
50:02:91:00:35:C9,192.168.1.100,Desconhecido,ARP,False,23,,,,,2025-07-04T09:13:14.453366-03:00
8C:85:90:49:3D:EA,192.168.1.108,Desconhecido,ARP,False,23,,,,,2025-07-04T09:13:16.109170-03:00
5C:CD:5B:C5:4E:C8,192.168.1.104,Desconhecido,ARP,False,9,,,,,2025-07-04T09:13:23.094524-03:00
50:02:91:00:35:C9,192.168.1.100,Desconhecido,ARP,False,23,,,,,2025-07-04T09:13:24.453689-03:00
8E:A7:69:77:00:00,0.0.0.0,Watch,DHCP,False,0,,,,,2025-07-04T09:13:26.282270-03:00
8E:A7:69:77:00:00,192.168.1.115,Desconhecido,ARP,False,23,,,,,2025-07-04T09:13:26.301563-03:00
50:02:91:00:35:C9,192.168.1.100,Desconhecido,ARP,False,23,,,,,2025-07-04T09:13:34.455340-03:00
50:02:91:00:35:C9,192.168.1.100,Desconhecido,ARP,False,23,,,,,2025-07-04T09:13:44.454042-03:00
50:02:91:00:35:C9,192.168.1.100,Desconhecido,ARP,False,23,,,,,2025-07-04T09:13:54.455695-03:00
50:02:91:00:35:C9,192.168.1.100,Desconhecido,ARP,False,23,,,,,2025-07-04T09:14:04.456685-03:00
8C:85:90:49:3D:EA,192.168.1.108,Desconhecido,ARP,False,23,,,,,2025-07-04T09:14:07.254889-03:00
50:02:91:00:35:C9,192.168.1.100,Desconhecido,ARP,False,23,,,,,2025-07-04T09:14:14.453465-03:00
5C:CD:5B:C5:4E:C8,192.168.1.104,Desconhecido,ARP,False,9,,,,,2025-07-04T09:14:22.598100-03:00
50:02:91:00:35:C9,192.168.1.100,Desconhecido,ARP,False,23,,,,,2025-07-04T09:14:24.461071-03:00
50:02:91:00:35:C9,192.168.1.100,Desconhecido,ARP,False,23,,,,,2025-07-04T09:14:34.461390-03:00
8E:A7:69:77:00:00,0.0.0.0,Watch,DHCP,False,0,,,,,2025-07-04T09:14:43.747668-03:00
8E:A7:69:77:00:00,192.168.1.115,Desconhecido,ARP,False,23,,,,,2025-07-04T09:14:43.792814-03:00
50:02:91:00:35:C9,192.168.1.100,Desconhecido,ARP,False,23,,,,,2025-07-04T09:14:44.461254-03:00
8E:A7:69:77:00:00,192.168.1.115,Desconhecido,ARP,False,23,,,,,2025-07-04T09:14:45.088829-03:00
50:02:91:00:35:C9,192.168.1.100,Desconhecido,ARP,False,23,,,,,2025-07-04T09:14:54.473403-03:00
8C:85:90:49:3D:EA,192.168.1.108,Desconhecido,ARP,False,23,,,,,2025-07-04T09:14:58.452391-03:00
50:02:91:00:35:C9,192.168.1.100,Desconhecido,ARP,False,23,,,,,2025-07-04T09:15:04.454343-03:00
50:02:91:00:35:C9,192.168.1.100,Desconhecido,ARP,False,23,,,,,2025-07-04T09:15:14.454302-03:00
5C:CD:5B:C5:4E:C8,192.168.1.104,Desconhecido,ARP,False,9,,,,,2025-07-04T09:15:21.097621-03:00
8E:A7:69:77:00:00,0.0.0.0,Watch,DHCP,False,0,,,,,2025-07-04T09:15:23.299334-03:00
8E:A7:69:77:00:00,192.168.1.115,Desconhecido,ARP,False,23,,,,,2025-07-04T09:15:23.347669-03:00
50:02:91:00:35:C9,192.168.1.100,Desconhecido,ARP,False,23,,,,,2025-07-04T09:15:24.463397-03:00
50:02:91:00:35:C9,192.168.1.100,Desconhecido,ARP,False,23,,,,,2025-07-04T09:15:34.464384-03:00
50:02:91:00:35:C9,192.168.1.100,Desconhecido,ARP,False,23,,,,,2025-07-04T09:15:44.461994-03:00
8C:85:90:49:3D:EA,192.168.1.108,Desconhecido,ARP,False,23,,,,,2025-07-04T09:15:49.650972-03:00
50:02:91:00:35:C9,192.168.1.100,Desconhecido,ARP,False,23,,,,,2025-07-04T09:15:54.467630-03:00
50:02:91:00:35:C9,192.168.1.100,Desconhecido,ARP,False,23,,,,,2025-07-04T09:16:04.456021-03:00
50:02:91:00:35:C9,192.168.1.100,Desconhecido,ARP,False,23,,,,,2025-07-04T09:16:14.458979-03:00
5C:CD:5B:C5:4E:C8,192.168.1.104,Desconhecido,ARP,False,9,,,,,2025-07-04T09:16:22.088912-03:00
50:02:91:00:35:C9,192.168.1.100,Desconhecido,ARP,False,23,,,,,2025-07-04T09:16:24.456078-03:00
50:02:91:00:35:C9,192.168.1.100,Desconhecido,ARP,False,23,,,,,2025-07-04T09:16:34.457659-03:00
8C:85:90:49:3D:EA,192.168.1.108,Desconhecido,ARP,False,23,,,,,2025-07-04T09:16:40.760818-03:00
50:02:91:00:35:C9,192.168.1.100,Desconhecido,ARP,False,23,,,,,2025-07-04T09:16:44.464414-03:00
50:02:91:00:35:C9,192.168.1.100,Desconhecido,ARP,False,23,,,,,2025-07-04T09:16:54.473179-03:00
50:02:91:00:35:C9,192.168.1.100,Desconhecido,ARP,False,23,,,,,2025-07-04T09:17:04.473835-03:00
50:02:91:00:35:C9,192.168.1.100,Desconhecido,ARP,False,23,,,,,2025-07-04T09:17:14.465621-03:00
5C:CD:5B:C5:4E:C8,192.168.1.104,Desconhecido,ARP,False,9,,,,,2025-07-04T09:17:23.096053-03:00
50:02:91:00:35:C9,192.168.1.100,Desconhecido,ARP,False,23,,,,,2025-07-04T09:17:24.523299-03:00
8C:85:90:49:3D:EA,192.168.1.108,Desconhecido,ARP,False,23,,,,,2025-07-04T09:17:31.921189-03:00
50:02:91:00:35:C9,192.168.1.100,Desconhecido,ARP,False,23,,,,,2025-07-04T09:17:34.471097-03:00
50:02:91:00:35:C9,192.168.1.100,Desconhecido,ARP,False,23,,,,,2025-07-04T09:17:44.473159-03:00
50:02:91:00:35:C9,192.168.1.100,Desconhecido,ARP,False,23,,,,,2025-07-04T09:17:54.481013-03:00
50:02:91:00:35:C9,192.168.1.100,Desconhecido,ARP,False,23,,,,,2025-07-04T09:18:04.475520-03:00
50:02:91:00:35:C9,192.168.1.100,Desconhecido,ARP,False,23,,,,,2025-07-04T09:18:14.472896-03:00
5C:CD:5B:C5:4E:C8,192.168.1.104,Desconhecido,ARP,False,9,,,,,2025-07-04T09:18:16.094976-03:00
8C:85:90:49:3D:EA,192.168.1.108,Desconhecido,ARP,False,23,,,,,2025-07-04T09:18:23.096714-03:00
50:02:91:00:35:C9,192.168.1.100,Desconhecido,ARP,False,23,,,,,2025-07-04T09:18:24.485480-03:00
50:02:91:00:35:C9,192.168.1.100,Desconhecido,ARP,False,23,,,,,2025-07-04T09:18:34.476592-03:00
50:02:91:00:35:C9,192.168.1.100,Desconhecido,ARP,False,23,,,,,2025-07-04T09:18:44.472329-03:00
50:02:91:00:35:C9,192.168.1.100,Desconhecido,ARP,False,23,,,,,2025-07-04T09:18:54.468302-03:00
50:02:91:00:35:C9,192.168.1.100,Desconhecido,ARP,False,23,,,,,2025-07-04T09:19:04.474121-03:00
8C:85:90:49:3D:EA,192.168.1.108,Desconhecido,ARP,False,23,,,,,2025-07-04T09:19:14.219927-03:00
50:02:91:00:35:C9,192.168.1.100,Desconhecido,ARP,False,23,,,,,2025-07-04T09:19:14.472288-03:00
5C:CD:5B:C5:4E:C8,192.168.1.104,Desconhecido,ARP,False,9,,,,,2025-07-04T09:19:23.096004-03:00
50:02:91:00:35:C9,192.168.1.100,Desconhecido,ARP,False,23,,,,,2025-07-04T09:19:24.469714-03:00
50:02:91:00:35:C9,192.168.1.100,Desconhecido,ARP,False,23,,,,,2025-07-04T09:19:34.468341-03:00
50:02:91:00:35:C9,192.168.1.100,Desconhecido,ARP,False,23,,,,,2025-07-04T09:19:44.470134-03:00
8E:A7:69:77:00:00,0.0.0.0,Watch,DHCP,False,0,,,,,2025-07-04T09:19:45.276486-03:00
8E:A7:69:77:00:00,192.168.1.115,Desconhecido,ARP,False,23,,,,,2025-07-04T09:19:45.308904-03:00
8E:A7:69:77:00:00,192.168.1.115,Desconhecido,ARP,False,23,,,,,2025-07-04T09:19:46.616728-03:00
8E:A7:69:77:00:00,192.168.1.115,Desconhecido,ARP,False,23,,,,,2025-07-04T09:19:46.940508-03:00
50:02:91:00:35:C9,192.168.1.100,Desconhecido,ARP,False,23,,,,,2025-07-04T09:19:54.515765-03:00
50:02:91:00:35:C9,192.168.1.100,Desconhecido,ARP,False,23,,,,,2025-07-04T09:20:04.499786-03:00
8C:85:90:49:3D:EA,192.168.1.108,Desconhecido,ARP,False,23,,,,,2025-07-04T09:20:05.409816-03:00
50:02:91:00:35:C9,192.168.1.100,Desconhecido,ARP,False,23,,,,,2025-07-04T09:20:14.467439-03:00
5C:CD:5B:C5:4E:C8,192.168.1.104,Desconhecido,ARP,False,9,,,,,2025-07-04T09:20:22.092072-03:00
50:02:91:00:35:C9,192.168.1.100,Desconhecido,ARP,False,23,,,,,2025-07-04T09:20:24.475365-03:00
50:02:91:00:35:C9,192.168.1.100,Desconhecido,ARP,False,23,,,,,2025-07-04T09:20:34.470992-03:00
50:02:91:00:35:C9,192.168.1.100,Desconhecido,ARP,False,23,,,,,2025-07-04T09:20:44.475125-03:00
8E:A7:69:77:00:00,0.0.0.0,Watch,DHCP,False,0,,,,,2025-07-04T09:20:51.285366-03:00
8E:A7:69:77:00:00,192.168.1.115,Desconhecido,ARP,False,23,,,,,2025-07-04T09:20:51.304291-03:00
8E:A7:69:77:00:00,192.168.1.115,Desconhecido,ARP,False,23,,,,,2025-07-04T09:20:52.621566-03:00
8E:A7:69:77:00:00,192.168.1.115,Desconhecido,ARP,False,23,,,,,2025-07-04T09:20:52.947166-03:00
50:02:91:00:35:C9,192.168.1.100,Desconhecido,ARP,False,23,,,,,2025-07-04T09:20:54.476839-03:00
8C:85:90:49:3D:EA,192.168.1.108,Desconhecido,ARP,False,23,,,,,2025-07-04T09:20:56.530756-03:00
50:02:91:00:35:C9,192.168.1.100,Desconhecido,ARP,False,23,,,,,2025-07-04T09:21:04.470352-03:00
50:02:91:00:35:C9,192.168.1.100,Desconhecido,ARP,False,23,,,,,2025-07-04T09:21:14.468807-03:00
5C:CD:5B:C5:4E:C8,192.168.1.104,Desconhecido,ARP,False,9,,,,,2025-07-04T09:21:22.603443-03:00
50:02:91:00:35:C9,192.168.1.100,Desconhecido,ARP,False,23,,,,,2025-07-04T09:21:24.470647-03:00
50:02:91:00:35:C9,192.168.1.100,Desconhecido,ARP,False,23,,,,,2025-07-04T09:21:34.475808-03:00
50:02:91:00:35:C9,192.168.1.100,Desconhecido,ARP,False,23,,,,,2025-07-04T09:21:44.477251-03:00
8C:85:90:49:3D:EA,192.168.1.108,Desconhecido,ARP,False,23,,,,,2025-07-04T09:21:47.664569-03:00
50:02:91:00:35:C9,192.168.1.100,Desconhecido,ARP,False,23,,,,,2025-07-04T09:21:54.475917-03:00
8E:A7:69:77:00:00,0.0.0.0,Watch,DHCP,False,0,,,,,2025-07-04T09:22:02.282300-03:00
8E:A7:69:77:00:00,192.168.1.115,Desconhecido,ARP,False,23,,,,,2025-07-04T09:22:02.315759-03:00
8E:A7:69:77:00:00,192.168.1.115,Desconhecido,ARP,False,23,,,,,2025-07-04T09:22:03.621937-03:00
50:02:91:00:35:C9,192.168.1.100,Desconhecido,ARP,False,23,,,,,2025-07-04T09:22:04.474457-03:00
5C:CD:5B:C5:4E:C8,192.168.1.104,Desconhecido,ARP,False,9,,,,,2025-07-04T09:22:05.597549-03:00
8E:A7:69:77:00:00,192.168.1.115,Desconhecido,ARP,False,23,,,,,2025-07-04T09:22:11.945316-03:00
50:02:91:00:35:C9,192.168.1.100,Desconhecido,ARP,False,23,,,,,2025-07-04T09:22:14.474766-03:00
50:02:91:00:35:C9,192.168.1.100,Desconhecido,ARP,False,23,,,,,2025-07-04T09:22:24.517804-03:00
50:02:91:00:35:C9,192.168.1.100,Desconhecido,ARP,False,23,,,,,2025-07-04T09:22:34.472849-03:00
8C:85:90:49:3D:EA,192.168.1.108,Desconhecido,ARP,False,23,,,,,2025-07-04T09:22:38.855113-03:00
50:02:91:00:35:C9,192.168.1.100,Desconhecido,ARP,False,23,,,,,2025-07-04T09:22:44.479676-03:00
50:02:91:00:35:C9,192.168.1.100,Desconhecido,ARP,False,23,,,,,2025-07-04T09:22:54.471750-03:00
50:02:91:00:35:C9,192.168.1.100,Desconhecido,ARP,False,23,,,,,2025-07-04T09:23:04.472612-03:00
50:02:91:00:35:C9,192.168.1.100,Desconhecido,ARP,False,23,,,,,2025-07-04T09:23:14.469961-03:00
5C:CD:5B:C5:4E:C8,192.168.1.104,Desconhecido,ARP,False,9,,,,,2025-07-04T09:23:22.092860-03:00
50:02:91:00:35:C9,192.168.1.100,Desconhecido,ARP,False,23,,,,,2025-07-04T09:23:24.475236-03:00
8C:85:90:49:3D:EA,192.168.1.108,Desconhecido,ARP,False,23,,,,,2025-07-04T09:23:30.032148-03:00
50:02:91:00:35:C9,192.168.1.100,Desconhecido,ARP,False,23,,,,,2025-07-04T09:23:34.475825-03:00
50:02:91:00:35:C9,192.168.1.100,Desconhecido,ARP,False,23,,,,,2025-07-04T09:23:44.545946-03:00
50:02:91:00:35:C9,192.168.1.100,Desconhecido,ARP,False,23,,,,,2025-07-04T09:23:54.475943-03:00
50:02:91:00:35:C9,192.168.1.100,Desconhecido,ARP,False,23,,,,,2025-07-04T09:24:04.477323-03:00
50:02:91:00:35:C9,192.168.1.100,Desconhecido,ARP,False,23,,,,,2025-07-04T09:24:14.470312-03:00
8C:85:90:49:3D:EA,192.168.1.108,Desconhecido,ARP,False,23,,,,,2025-07-04T09:24:21.208565-03:00
5C:CD:5B:C5:4E:C8,192.168.1.104,Desconhecido,ARP,False,9,,,,,2025-07-04T09:24:22.597579-03:00
50:02:91:00:35:C9,192.168.1.100,Desconhecido,ARP,False,23,,,,,2025-07-04T09:24:24.471337-03:00
50:02:91:00:35:C9,192.168.1.100,Desconhecido,ARP,False,23,,,,,2025-07-04T09:24:34.476144-03:00
8E:A7:69:77:00:00,0.0.0.0,Watch,DHCP,False,0,,,,,2025-07-04T09:24:38.310351-03:00
8E:A7:69:77:00:00,192.168.1.115,Desconhecido,ARP,False,23,,,,,2025-07-04T09:24:38.336417-03:00
8E:A7:69:77:00:00,192.168.1.115,Desconhecido,ARP,False,23,,,,,2025-07-04T09:24:39.670589-03:00
8E:A7:69:77:00:00,192.168.1.115,Desconhecido,ARP,False,23,,,,,2025-07-04T09:24:39.996856-03:00
50:02:91:00:35:C9,192.168.1.100,Desconhecido,ARP,False,23,,,,,2025-07-04T09:24:44.473849-03:00
50:02:91:00:35:C9,192.168.1.100,Desconhecido,ARP,False,23,,,,,2025-07-04T09:24:54.477232-03:00
5C:CD:5B:C5:4E:C8,192.168.1.104,Desconhecido,ARP,False,9,,,,,2025-07-04T09:24:58.098828-03:00
